7,0
8,0
11,0
12,0
12,0
13,0
13,0
18,0
18,0
18,0
20,0
20,0
21,0
22,0
23,0
24,0
25,0
25,0
27,0
28,0
29,0
29,0
29,0
29,0
30,0
31,0
32,0
32,0
34,0
35,0
38,0
38,0
39,0
40,0
40,0
41,0
42,0
42,0
42,0
43,0
44,0
44,0
46,0
47,0
48,0
49,0
49,0
49,0
50,0
50,0
52,0
52,0
53,0
53,0
55,0
56,0
56,0
56,0
57,0
57,0
59,0
59,0
60,0
60,0
61,0
61,0
63,0
63,0
66,0
66,0
67,0
67,0
67,0
68,0
68,0
68,0
68,0
69,0
70,0
70,0
70,0
72,0
72,0
72,0
72,0
73,0
73,0
74,0
76,0
77,0
77,0
77,0
79,0
79,0
80,0
80,0
80,0
81,0
81,0
81,0
81,1
81,1
82,1
82,1
83,1
83,1
83,1
84,1
84,1
85,1
85,1
86,1
86,1
87,1
88,1
88,1
89,1
89,1
89,1
91,1
92,1
93,1
93,1
94,1
96,1
96,1
96,1
97,1
97,1
98,1
98,1
98,1
99,1
99,1
100,1
102,1
102,1
103,1
104,1
104,1
105,1
105,1
105,1
106,1
107,1
108,1
108,1
108,1
109,1
111,1
112,1
112,1
113,1
116,1
116,1
116,1
116,1
117,1
117,1
120,1
120,1
120,1
121,1
121,1
122,1
123,1
123,1
124,1
125,1
127,1
127,1
128,1
129,1
129,1
130,1
131,1
132,1
132,1
134,1
134,1
134,1
134,1
136,1
136,1
137,1
138,1
139,1
139,1
139,1
139,1
140,1
140,1
141,1
141,1
142,1
142,1
144,1
144,1
144,1
146,1
146,2
146,2
147,2
147,2
148,2
149,2
149,2
149,2
151,2
151,2
151,2
151,2
152,2
153,2
154,2
154,2
154,2
155,2
155,2
156,2
157,2
157,2
157,2
159,2
159,2
160,2
161,2
161,2
161,2
162,2
162,2
162,2
162,2
162,2
162,2
164,2
165,2
166,2
166,2
167,2
167,2
168,2
169,2
169,2
171,2
171,2
171,2
171,2
172,2
173,2
174,2
176,2
178,2
178,2
179,2
179,2
180,2
180,2
183,2
183,2
184,2
185,2
185,2
185,2
185,2
185,2
186,2
187,2
187,2
187,2
188,2
188,2
189,2
189,2
189,2
189,2
189,2
190,2
190,2
191,2
192,2
193,2
193,2
194,2
194,2
195,2
195,2
195,2
196,2
197,2
198,2
199,2
200,2
201,2
202,2
202,2
202,2
202,2
204,2
204,2
205,3
205,3
206,3
206,3
207,3
207,3
208,3
208,3
209,3
209,3
210,3
211,3
212,3
212,3
213,3
216,3
216,3
216,3
217,3
217,3
218,3
219,3
221,3
222,3
223,3
223,3
224,3
224,3
224,3
225,3
225,3
226,3
226,3
226,3
228,3
228,3
228,3
229,3
229,3
230,3
231,3
231,3
232,3
233,3
233,3
233,3
234,3
237,3
237,3
238,3
240,3
240,3
240,3
241,3
244,3
245,3
246,3
246,3
246,3
247,3
247,3
249,3
249,3
250,3
252,3
253,3
254,3
255,3
255,3
257,3
258,3
259,3
259,3
259,3
260,3
260,3
262,3
262,3
262,3
263,3
264,3
264,3
266,3
267,3
268,3
268,3
269,3
269,3
271,3
271,3
271,3
273,3
273,3
273,3
274,3
274,3
276,3
276,3
276,3
276,3
278,4
279,4
279,4
279,4
281,4
282,4
282,4
283,4
284,4
284,4
286,4
286,4
286,4
288,4
288,4
288,4
289,4
289,4
290,4
290,4
291,4
291,4
291,4
292,4
292,4
293,4
297,4
298,4
298,4
299,4
300,4
300,4
301,4
304,4
305,4
305,4
306,4
307,4
307,4
307,4
307,4
308,4
309,4
309,4
310,4
310,4
310,4
310,4
310,4
311,4
312,4
314,4
314,4
314,4
314,4
315,4
316,4
317,4
318,4
319,4
320,4
320,4
320,4
321,4
321,4
321,4
321,4
322,4
325,4
325,4
325,4
325,4
325,4
326,4
326,4
328,4
328,4
328,4
329,4
330,4
330,4
330,4
331,4
332,4
332,4
334,4
334,4
337,4
337,4
338,4
341,4
341,4
342,4
344,4
344,4
344,4
345,4
346,4
348,4
349,4
351,5
352,5
353,5
355,5
356,5
357,5
358,5
361,5
362,5
364,5
364,5
364,5
364,5
364,5
365,5
366,5
366,5
366,5
366,5
367,5
367,5
370,5
371,5
372,5
372,5
373,5
374,5
374,5
375,5
376,5
376,5
378,5
378,5
378,5
379,5
379,5
380,5
381,5
382,5
382,5
385,5
386,5
386,5
386,5
388,5
388,5
389,5
389,5
390,5
390,5
391,5
393,5
394,5
394,5
396,5
396,5
396,5
397,5
399,5
400,5
400,5
400,5
400,5
400,5
401,5
402,5
403,5
403,5
403,5
403,5
404,5
405,5
406,5
406,5
407,5
407,5
409,5
409,5
409,5
410,5
410,5
411,5
411,5
411,5
414,5
415,5
415,5
416,5
417,5
417,5
418,5
418,5
418,5
419,5
423,5
424,5
425,5
427,5
429,5
439,5
440,6
441,6
441,6
443,6
443,6
444,6
445,6
447,6
448,6
448,6
448,6
449,6
450,6
450,6
451,6
452,6
452,6
453,6
454,6
454,6
455,6
456,6
457,6
457,6
458,6
458,6
458,6
458,6
458,6
459,6
459,6
461,6
461,6
462,6
462,6
462,6
463,6
464,6
464,6
465,6
466,6
467,6
467,6
468,6
469,6
471,6
472,6
472,6
473,6
473,6
473,6
473,6
474,6
475,6
475,6
476,6
478,6
478,6
479,6
479,6
481,6
481,6
481,6
483,6
483,6
484,6
485,6
485,6
486,6
487,6
487,6
488,6
488,6
488,6
488,6
490,6
492,6
492,6
493,6
494,6
495,6
495,6
496,6
496,6
496,6
497,6
497,6
498,6
498,6
499,6
499,6
499,6
500,6
502,6
502,6
504,6
504,6
506,6
506,6
506,6
507,7
508,7
508,7
508,7
510,7
512,7
512,7
512,7
512,7
516,7
516,7
516,7
517,7
517,7
519,7
519,7
520,7
521,7
523,7
523,7
523,7
524,7
527,7
528,7
528,7
529,7
531,7
532,7
532,7
532,7
532,7
533,7
534,7
534,7
534,7
535,7
535,7
536,7
536,7
538,7
539,7
541,7
542,7
542,7
542,7
543,7
543,7
544,7
544,7
545,7
545,7
546,7
546,7
547,7
548,7
549,7
549,7
549,7
551,7
551,7
553,7
554,7
556,7
557,7
559,7
560,7
561,7
561,7
561,7
562,7
562,7
563,7
565,7
565,7
566,7
567,7
567,7
569,7
570,7
571,7
571,7
572,7
572,7
573,7
573,7
573,7
574,7
574,7
576,7
576,7
577,7
577,7
578,7
580,7
581,7
581,7
581,7
582,7
582,7
582,7
583,8
583,8
584,8
584,8
585,8
585,8
585,8
586,8
587,8
587,8
589,8
591,8
592,8
593,8
595,8
596,8
596,8
597,8
597,8
597,8
598,8
598,8
598,8
599,8
600,8
600,8
600,8
600,8
601,8
601,8
605,8
606,8
610,8
611,8
612,8
613,8
613,8
615,8
616,8
616,8
617,8
617,8
619,8
623,8
626,8
626,8
627,8
627,8
627,8
628,8
628,8
628,8
631,8
634,8
635,8
635,8
636,8
639,8
640,8
640,8
640,8
641,8
641,8
641,8
643,8
644,8
646,8
646,8
649,8
649,8
650,8
652,8
653,8
653,8
653,8
656,8
659,8
659,8
659,8
659,8
661,8
661,8
662,8
662,8
663,8
663,8
664,8
667,8
667,8
667,8
668,8
669,8
671,8
671,8
672,8
672,8
674,8
674,8
675,8
676,8
676,9
676,9
676,9
677,9
677,9
678,9
680,9
680,9
680,9
680,9
681,9
682,9
682,9
685,9
686,9
687,9
688,9
688,9
688,9
689,9
690,9
691,9
693,9
694,9
694,9
695,9
695,9
695,9
695,9
695,9
697,9
697,9
699,9
699,9
700,9
700,9
701,9
703,9
704,9
705,9
705,9
706,9
707,9
708,9
708,9
708,9
708,9
710,9
711,9
712,9
713,9
714,9
714,9
715,9
717,9
718,9
719,9
719,9
720,9
721,9
722,9
722,9
724,9
724,9
724,9
724,9
725,9
727,9
727,9
727,9
728,9
728,9
731,9
733,9
733,9
733,9
734,9
734,9
736,9
736,9
737,9
737,9
737,9
737,9
738,9
739,9
740,9
741,9
742,9
742,9
744,9
746,9
748,9
748,9
748,9
748,9
749,9
750,9
750,9
751,9
752,10
752,10
753,10
754,10
754,10
754,10
756,10
757,10
759,10
760,10
761,10
762,10
762,10
763,10
765,10
766,10
766,10
766,10
767,10
769,10
770,10
771,10
771,10
771,10
772,10
773,10
773,10
773,10
774,10
774,10
776,10
776,10
776,10
776,10
776,10
778,10
779,10
779,10
780,10
781,10
783,10
784,10
784,10
784,10
784,10
785,10
786,10
787,10
788,10
790,10
792,10
792,10
792,10
794,10
794,10
796,10
796,10
799,10
800,10
800,10
802,10
802,10
803,10
804,10
807,10
807,10
810,10
811,10
811,10
812,10
812,10
814,10
814,10
817,10
817,10
817,10
818,10
819,10
819,10
820,10
821,10
822,10
823,10
823,10
823,10
824,10
824,10
825,10
825,10
826,10
829,10
830,10
830,10
832,10
832,10
833,10
834,10
834,10
835,10
836,10
836,11
837,11
838,11
839,11
840,11
842,11
844,11
844,11
844,11
844,11
846,11
846,11
847,11
847,11
848,11
849,11
849,11
849,11
850,11
850,11
850,11
852,11
853,11
853,11
857,11
858,11
859,11
859,11
860,11
863,11
863,11
864,11
864,11
864,11
865,11
866,11
866,11
867,11
867,11
868,11
869,11
870,11
871,11
871,11
871,11
872,11
872,11
874,11
874,11
875,11
876,11
877,11
877,11
881,11
882,11
882,11
883,11
883,11
884,11
885,11
887,11
890,11
891,11
891,11
891,11
891,11
893,11
893,11
894,11
894,11
895,11
896,11
897,11
898,11
902,11
903,11
903,11
906,11
910,11
910,11
910,11
912,11
912,11
913,11
913,11
914,11
914,11
915,11
915,11
915,11
915,11
917,11
918,11
919,11
921,11
922,11
922,11
922,11
922,11
925,11
926,12
926,12
928,12
929,12
930,12
931,12
931,12
932,12
933,12
934,12
934,12
935,12
935,12
937,12
938,12
940,12
942,12
942,12
943,12
943,12
945,12
945,12
946,12
950,12
950,12
951,12
951,12
953,12
953,12
955,12
955,12
956,12
960,12
960,12
962,12
962,12
963,12
966,12
966,12
966,12
967,12
968,12
968,12
971,12
973,12
974,12
977,12
978,12
980,12
980,12
981,12
982,12
982,12
983,12
984,12
985,12
986,12
986,12
987,12
989,12
989,12
989,12
993,12
993,12
994,12
996,12
996,12
997,12
999,12
999,12
1000,12
1000,12
1000,12
1000,12
1001,12
1003,12
1003,12
1004,12
1005,12
1005,12
1006,12
1006,12
1007,12
1007,12
1007,12
1008,12
1009,12
1010,12
1012,12
1012,12
1012,12
1013,12
1013,12
1014,12
1015,12
1015,12
1017,12
1017,12
1018,12
1018,12
1018,13
1018,13
1019,13
1022,13
1022,13
1022,13
1022,13
1024,13
1024,13
1026,13
1026,13
1029,13
1029,13
1029,13
1029,13
1030,13
1030,13
1031,13
1032,13
1032,13
1034,13
1035,13
1036,13
1038,13
1038,13
1038,13
1039,13
1040,13
1042,13
1043,13
1044,13
1047,13
1047,13
1047,13
1048,13
1050,13
1053,13
1054,13
1054,13
1055,13
1057,13
1058,13
1060,13
1063,13
1064,13
1064,13
1068,13
1068,13
1068,13
1068,13
1070,13
1071,13
1071,13
1072,13
1075,13
1076,13
1079,13
1081,13
1081,13
1084,13
1087,13
1089,13
1090,13
1091,13
1091,13
1092,13
1094,13
1094,13
1095,13
1098,13
1098,13
1098,13
1099,13
1099,13
1099,13
1100,13
1102,13
1102,13
1104,13
1105,13
1106,13
1107,13
1107,13
1108,13
1108,13
1109,13
1110,13
1111,13
1111,13
1112,13
1112,13
1112,13
1113,13
1113,13
1120,13
1120,13
1121,13
1121,13
1123,13
1125,13
1125,14
1125,14
1128,14
1130,14
1131,14
1132,14
1133,14
1133,14
1134,14
1134,14
1134,14
1135,14
1136,14
1136,14
1137,14
1139,14
1140,14
1140,14
1142,14
1143,14
1144,14
1145,14
1146,14
1146,14
1150,14
1150,14
1151,14
1152,14
1152,14
1153,14
1155,14
1157,14
1158,14
1158,14
1159,14
1160,14
1160,14
1161,14
1161,14
1161,14
1161,14
1161,14
1163,14
1163,14
1167,14
1168,14
1173,14
1175,14
1177,14
1177,14
1178,14
1178,14
1179,14
1179,14
1179,14
1180,14
1180,14
1182,14
1185,14
1186,14
1186,14
1187,14
1188,14
1188,14
1189,14
1190,14
1191,14
1191,14
1192,14
1192,14
1196,14
1196,14
1197,14
1198,14
1199,14
1200,14
1201,14
1202,14
1203,14
1205,14
1205,14
1206,14
1208,14
1210,14
1212,14
1212,14
1213,14
1213,14
1216,14
1217,14
1219,14
1220,14
1220,14
1221,14
1223,14
1224,14
1225,14
1225,14
1227,14
1229,14
1231,15
1232,15
1233,15
1233,15
1238,15
1239,15
1239,15
1241,15
1241,15
1242,15
1242,15
1243,15
1243,15
1244,15
1245,15
1247,15
1248,15
1249,15
1251,15
1251,15
1252,15
1254,15
1255,15
1262,15
1263,15
1263,15
1263,15
1264,15
1265,15
1266,15
1266,15
1267,15
1267,15
1268,15
1269,15
1269,15
1269,15
1270,15
1274,15
1274,15
1276,15
1277,15
1278,15
1282,15
1285,15
1285,15
1285,15
1285,15
1285,15
1286,15
1286,15
1289,15
1290,15
1292,15
1292,15
1295,15
1295,15
1296,15
1298,15
1301,15
1301,15
1302,15
1303,15
1303,15
1305,15
1306,15
1306,15
1306,15
1307,15
1308,15
1308,15
1308,15
1309,15
1309,15
1311,15
1312,15
1313,15
1314,15
1314,15
1315,15
1315,15
1315,15
1319,15
1320,15
1321,15
1321,15
1323,15
1329,15
1331,15
1334,15
1335,15
1337,15
1338,15
1338,15
1340,15
1341,15
1343,15
1345,15
1345,15
1351,15
1352,16
1352,16
1353,16
1355,16
1357,16
1358,16
1359,16
1360,16
1360,16
1361,16
1361,16
1362,16
1362,16
1363,16
1364,16
1364,16
1365,16
1366,16
1368,16
1370,16
1370,16
1370,16
1371,16
1372,16
1372,16
1372,16
1377,16
1379,16
1380,16
1380,16
1381,16
1382,16
1385,16
1388,16
1389,16
1390,16
1393,16
1393,16
1394,16
1395,16
1396,16
1397,16
1399,16
1400,16
1402,16
1402,16
1402,16
1403,16
1404,16
1404,16
1404,16
1407,16
1408,16
1411,16
1411,16
1412,16
1414,16
1415,16
1417,16
1419,16
1420,16
1421,16
1422,16
1422,16
1423,16
1424,16
1425,16
1425,16
1427,16
1427,16
1428,16
1428,16
1428,16
1429,16
1430,16
1430,16
1431,16
1431,16
1433,16
1436,16
1436,16
1436,16
1437,16
1438,16
1438,16
1439,16
1441,16
1441,16
1442,16
1444,16
1445,16
1447,16
1448,16
1448,16
1448,16
1448,16
1450,16
1452,16
1456,16
1460,16
1461,17
1461,17
1461,17
1461,17
1462,17
1465,17
1469,17
1469,17
1470,17
1471,17
1472,17
1474,17
1475,17
1475,17
1475,17
1476,17
1477,17
1479,17
1481,17
1482,17
1483,17
1483,17
1484,17
1484,17
1487,17
1487,17
1489,17
1489,17
1489,17
1490,17
1490,17
1490,17
1491,17
1492,17
1493,17
1493,17
1493,17
1495,17
1495,17
1498,17
1501,17
1501,17
1503,17
1503,17
1503,17
1504,17
1504,17
1504,17
1505,17
1506,17
1508,17
1509,17
1510,17
1511,17
1512,17
1513,17
1516,17
1519,17
1519,17
1519,17
1522,17
1523,17
1523,17
1524,17
1524,17
1524,17
1524,17
1526,17
1527,17
1530,17
1531,17
1533,17
1534,17
1534,17
1537,17
1539,17
1545,17
1546,17
1546,17
1547,17
1548,17
1549,17
1549,17
1553,17
1553,17
1556,17
1556,17
1558,17
1560,17
1561,17
1561,17
1562,17
1563,17
1564,17
1565,17
1566,17
1568,17
1569,17
1571,17
1572,17
1574,18
1578,18
1578,18
1578,18
1579,18
1581,18
1582,18
1586,18
1587,18
1588,18
1589,18
1590,18
1593,18
1597,18
1599,18
1601,18
1603,18
1603,18
1603,18
1604,18
1604,18
1604,18
1605,18
1612,18
1613,18
1613,18
1614,18
1614,18
1616,18
1616,18
1618,18
1620,18
1621,18
1622,18
1623,18
1624,18
1625,18
1627,18
1630,18
1630,18
1630,18
1636,18
1636,18
1637,18
1637,18
1639,18
1640,18
1641,18
1644,18
1647,18
1648,18
1649,18
1649,18
1649,18
1651,18
1652,18
1653,18
1655,18
1656,18
1656,18
1656,18
1657,18
1659,18
1660,18
1661,18
1662,18
1662,18
1663,18
1664,18
1666,18
1667,18
1668,18
1670,18
1671,18
1671,18
1673,18
1675,18
1676,18
1676,18
1677,18
1678,18
1680,18
1680,18
1680,18
1680,18
1681,18
1681,18
1683,18
1685,18
1687,18
1688,18
1688,18
1691,18
1691,18
1693,18
1694,18
1695,18
1697,18
1697,18
1700,18
1701,19
1702,19
1704,19
1705,19
1706,19
1708,19
1710,19
1713,19
1713,19
1714,19
1716,19
1719,19
1720,19
1721,19
1722,19
1723,19
1723,19
1728,19
1728,19
1731,19
1731,19
1731,19
1735,19
1737,19
1739,19
1739,19
1741,19
1743,19
1745,19
1746,19
1746,19
1746,19
1748,19
1748,19
1749,19
1750,19
1757,19
1760,19
1760,19
1763,19
1764,19
1764,19
1765,19
1765,19
1765,19
1767,19
1768,19
1770,19
1771,19
1771,19
1776,19
1776,19
1778,19
1778,19
1778,19
1779,19
1780,19
1781,19
1784,19
1784,19
1787,19
1788,19
1788,19
1788,19
1789,19
1789,19
1794,19
1795,19
1797,19
1798,19
1802,19
1803,19
1804,19
1804,19
1805,19
1807,19
1808,19
1809,19
1812,19
1812,19
1817,19
1817,19
1818,19
1819,19
1819,19
1821,19
1824,19
1825,19
1829,19
1830,19
1830,19
1831,19
1831,19
1831,19
1833,19
1833,19
1835,19
1836,19
1837,19
1837,19
1837,20
1837,20
1838,20
1840,20
1841,20
1842,20
1842,20
1842,20
1842,20
1842,20
1844,20
1847,20
1848,20
1850,20
1851,20
1851,20
1853,20
1854,20
1856,20
1856,20
1861,20
1861,20
1861,20
1862,20
1862,20
1863,20
1864,20
1865,20
1865,20
1865,20
1865,20
1866,20
1869,20
1871,20
1872,20
1872,20
1872,20
1872,20
1873,20
1875,20
1876,20
1876,20
1877,20
1882,20
1883,20
1885,20
1886,20
1886,20
1887,20
1891,20
1892,20
1894,20
1894,20
1896,20
1896,20
1897,20
1898,20
1900,20
1900,20
1903,20
1904,20
1905,20
1906,20
1906,20
1906,20
1907,20
1907,20
1909,20
1910,20
1912,20
1913,20
1914,20
1915,20
1915,20
1918,20
1920,20
1920,20
1922,20
1923,20
1924,20
1927,20
1927,20
1929,20
1931,20
1932,20
1933,20
1933,20
1934,20
1934,20
1936,20
1937,20
1937,20
1938,20
1940,20
1942,20
1943,20
1943,20
1944,20
1945,20
1945,20
1946,21
1946,21
1947,21
1947,21
1952,21
1952,21
1956,21
1956,21
1956,21
1957,21
1957,21
1958,21
1960,21
1961,21
1962,21
1963,21
1965,21
1967,21
1968,21
1969,21
1970,21
1970,21
1970,21
1972,21
1974,21
1975,21
1975,21
1975,21
1976,21
1977,21
1978,21
1980,21
1984,21
1985,21
1987,21
1987,21
1988,21
1989,21
1993,21
1994,21
1995,21
1998,21
2001,21
2001,21
2007,21
2008,21
2009,21
2009,21
2010,21
2010,21
2011,21
2011,21
2013,21
2013,21
2019,21
2021,21
2021,21
2022,21
2024,21
2026,21
2028,21
2028,21
2030,21
2032,21
2033,21
2038,21
2040,21
2041,21
2041,21
2041,21
2043,21
2045,21
2052,21
2052,21
2052,21
2052,21
2054,21
2055,21
2057,21
2061,21
2061,21
2066,21
2067,21
2070,21
2072,21
2072,21
2073,21
2073,21
2073,21
2074,21
2074,21
2075,21
2075,21
2076,21
2076,21
2078,21
2081,21
2082,21
2082,21
2083,21
2084,22
2086,22
2086,22
2087,22
2094,22
2094,22
2095,22
2095,22
2096,22
2099,22
2099,22
2102,22
2106,22
2106,22
2107,22
2107,22
2109,22
2110,22
2111,22
2113,22
2114,22
2114,22
2115,22
2116,22
2117,22
2119,22
2121,22
2121,22
2121,22
2122,22
2124,22
2126,22
2126,22
2127,22
2128,22
2138,22
2138,22
2139,22
2139,22
2140,22
2140,22
2141,22
2142,22
2144,22
2146,22
2146,22
2147,22
2148,22
2149,22
2150,22
2152,22
2152,22
2153,22
2155,22
2155,22
2156,22
2157,22
2157,22
2158,22
2158,22
2159,22
2159,22
2162,22
2165,22
2166,22
2167,22
2176,22
2178,22
2179,22
2179,22
2182,22
2188,22
2188,22
2189,22
2191,22
2192,22
2193,22
2195,22
2200,22
2200,22
2200,22
2201,22
2202,22
2202,22
2203,22
2205,22
2205,22
2206,22
2206,22
2209,22
2211,22
2213,22
2216,22
2217,22
2218,22
2220,22
2222,22
2223,22
2225,22
2225,22
2226,23
2230,23
2231,23
2231,23
2231,23
2231,23
2232,23
2233,23
2234,23
2234,23
2234,23
2238,23
2239,23
2240,23
2243,23
2244,23
2246,23
2249,23
2250,23
2251,23
2251,23
2252,23
2254,23
2255,23
2256,23
2258,23
2262,23
2265,23
2270,23
2272,23
2274,23
2278,23
2281,23
2282,23
2282,23
2284,23
2287,23
2287,23
2288,23
2289,23
2289,23
2296,23
2296,23
2299,23
2300,23
2304,23
2305,23
2307,23
2309,23
2309,23
2312,23
2313,23
2315,23
2318,23
2318,23
2319,23
2321,23
2323,23
2327,23
2327,23
2328,23
2328,23
2329,23
2329,23
2330,23
2331,23
2333,23
2333,23
2335,23
2338,23
2340,23
2340,23
2342,23
2343,23
2348,23
2349,23
2349,23
2350,23
2351,23
2353,23
2356,23
2357,23
2358,23
2358,23
2361,23
2361,23
2362,23
2362,23
2363,23
2365,23
2368,23
2368,23
2369,23
2370,23
2372,23
2372,23
2372,23
2375,23
2376,23
2382,23
2382,24
2383,24
2383,24
2384,24
2385,24
2385,24
2389,24
2392,24
2392,24
2393,24
2394,24
2396,24
2398,24
2398,24
2400,24
2400,24
2402,24
2403,24
2404,24
2406,24
2408,24
2410,24
2411,24
2411,24
2411,24
2414,24
2422,24
2423,24
2425,24
2426,24
2426,24
2426,24
2427,24
2428,24
2430,24
2431,24
2431,24
2437,24
2439,24
2444,24
2445,24
2448,24
2451,24
2452,24
2456,24
2458,24
2459,24
2460,24
2464,24
2468,24
2472,24
2476,24
2477,24
2479,24
2480,24
2483,24
2483,24
2486,24
2486,24
2491,24
2492,24
2494,24
2497,24
2498,24
2499,24
2499,24
2500,24
2500,24
2502,24
2503,24
2504,24
2504,24
2505,24
2511,24
2511,24
2511,24
2511,24
2516,24
2518,24
2519,24
2521,24
2523,24
2524,24
2524,24
2525,24
2526,24
2530,24
2531,24
2532,24
2533,24
2535,24
2538,24
2541,24
2544,24
2547,24
2548,24
2550,24
2551,24
2557,24
2557,24
2559,25
2560,25
2561,25
2563,25
2573,25
2575,25
2577,25
2578,25
2580,25
2580,25
2582,25
2583,25
2583,25
2590,25
2591,25
2591,25
2592,25
2592,25
2594,25
2597,25
2597,25
2602,25
2602,25
2605,25
2605,25
2605,25
2605,25
2609,25
2609,25
2609,25
2610,25
2612,25
2614,25
2616,25
2618,25
2621,25
2624,25
2624,25
2625,25
2625,25
2625,25
2626,25
2626,25
2629,25
2629,25
2632,25
2632,25
2636,25
2638,25
2639,25
2641,25
2642,25
2642,25
2642,25
2643,25
2649,25
2649,25
2650,25
2650,25
2652,25
2652,25
2654,25
2655,25
2656,25
2658,25
2662,25
2663,25
2665,25
2665,25
2668,25
2669,25
2670,25
2671,25
2672,25
2675,25
2681,25
2681,25
2686,25
2687,25
2688,25
2690,25
2691,25
2694,25
2696,25
2696,25
2698,25
2699,25
2700,25
2701,25
2703,25
2704,25
2705,25
2707,25
2707,25
2707,25
2708,25
2711,25
2713,25
2715,25
2716,25
2723,26
2724,26
2726,26
2726,26
2732,26
2732,26
2735,26
2736,26
2737,26
2737,26
2741,26
2744,26
2752,26
2756,26
2757,26
2761,26
2761,26
2764,26
2766,26
2767,26
2772,26
2772,26
2772,26
2777,26
2780,26
2783,26
2784,26
2785,26
2785,26
2787,26
2787,26
2793,26
2793,26
2794,26
2795,26
2797,26
2797,26
2797,26
2803,26
2803,26
2803,26
2803,26
2804,26
2806,26
2808,26
2809,26
2810,26
2812,26
2818,26
2818,26
2818,26
2826,26
2829,26
2830,26
2831,26
2834,26
2837,26
2837,26
2840,26
2842,26
2843,26
2844,26
2844,26
2846,26
2847,26
2850,26
2853,26
2856,26
2860,26
2862,26
2867,26
2870,26
2872,26
2874,26
2875,26
2877,26
2878,26
2880,26
2888,26
2895,26
2896,26
2898,26
2900,26
2902,26
2905,26
2908,26
2908,26
2908,26
2909,26
2911,26
2912,26
2913,26
2913,26
2917,26
2918,26
2923,26
2924,26
2927,26
2929,26
2929,26
2930,27
2931,27
2931,27
2933,27
2934,27
2942,27
2942,27
2942,27
2948,27
2949,27
2949,27
2958,27
2958,27
2960,27
2962,27
2962,27
2967,27
2967,27
2968,27
2970,27
2973,27
2973,27
2974,27
2974,27
2977,27
2980,27
2985,27
2987,27
2989,27
2989,27
2991,27
2991,27
2991,27
2995,27
2995,27
2999,27
2999,27
3000,27
3002,27
3007,27
3011,27
3012,27
3013,27
3015,27
3020,27
3021,27
3024,27
3027,27
3027,27
3028,27
3033,27
3033,27
3034,27
3037,27
3038,27
3039,27
3042,27
3052,27
3052,27
3054,27
3056,27
3056,27
3062,27
3063,27
3064,27
3066,27
3069,27
3073,27
3073,27
3079,27
3081,27
3084,27
3085,27
3088,27
3089,27
3089,27
3089,27
3090,27
3090,27
3094,27
3096,27
3100,27
3100,27
3101,27
3101,27
3103,27
3105,27
3107,27
3109,27
3112,27
3113,27
3115,27
3115,27
3117,27
3117,27
3119,27
3121,27
3122,27
3128,27
3131,27
3133,28
3133,28
3138,28
3139,28
3140,28
3140,28
3142,28
3143,28
3145,28
3146,28
3149,28
3154,28
3160,28
3162,28
3162,28
3171,28
3174,28
3175,28
3178,28
3182,28
3182,28
3183,28
3184,28
3185,28
3186,28
3194,28
3198,28
3198,28
3201,28
3202,28
3202,28
3203,28
3204,28
3205,28
3205,28
3210,28
3225,28
3226,28
3231,28
3234,28
3237,28
3238,28
3242,28
3245,28
3248,28
3249,28
3250,28
3250,28
3255,28
3257,28
3263,28
3264,28
3266,28
3268,28
3268,28
3272,28
3272,28
3272,28
3272,28
3274,28
3274,28
3285,28
3285,28
3286,28
3289,28
3291,28
3292,28
3296,28
3298,28
3303,28
3308,28
3308,28
3309,28
3313,28
3313,28
3314,28
3314,28
3315,28
3315,28
3321,28
3326,28
3327,28
3329,28
3338,28
3339,28
3342,28
3343,28
3345,28
3345,28
3351,28
3353,28
3356,28
3357,28
3358,28
3359,28
3361,28
3363,28
3369,28
3370,28
3371,28
3375,29
3377,29
3380,29
3382,29
3383,29
3383,29
3383,29
3384,29
3389,29
3392,29
3399,29
3401,29
3405,29
3407,29
3408,29
3410,29
3415,29
3415,29
3415,29
3419,29
3420,29
3422,29
3427,29
3429,29
3429,29
3431,29
3433,29
3433,29
3434,29
3434,29
3437,29
3440,29
3442,29
3444,29
3457,29
3458,29
3458,29
3464,29
3464,29
3469,29
3470,29
3471,29
3471,29
3472,29
3472,29
3473,29
3474,29
3475,29
3477,29
3478,29
3478,29
3481,29
3481,29
3484,29
3488,29
3488,29
3489,29
3490,29
3491,29
3494,29
3498,29
3498,29
3498,29
3498,29
3502,29
3505,29
3506,29
3508,29
3512,29
3515,29
3523,29
3528,29
3528,29
3529,29
3529,29
3540,29
3541,29
3545,29
3548,29
3548,29
3553,29
3553,29
3554,29
3557,29
3558,29
3560,29
3561,29
3566,29
3567,29
3569,29
3573,29
3575,29
3575,29
3576,29
3577,29
3580,29
3580,29
3583,29
3585,29
3586,29
3587,30
3590,30
3592,30
3593,30
3596,30
3598,30
3602,30
3602,30
3606,30
3608,30
3609,30
3612,30
3616,30
3618,30
3619,30
3619,30
3621,30
3621,30
3622,30
3629,30
3631,30
3634,30
3634,30
3642,30
3644,30
3645,30
3647,30
3649,30
3649,30
3650,30
3655,30
3657,30
3657,30
3660,30
3665,30
3668,30
3673,30
3677,30
3684,30
3686,30
3690,30
3699,30
3699,30
3701,30
3703,30
3703,30
3703,30
3708,30
3713,30
3715,30
3720,30
3725,30
3726,30
3728,30
3729,30
3732,30
3734,30
3736,30
3737,30
3739,30
3739,30
3741,30
3743,30
3746,30
3748,30
3748,30
3748,30
3753,30
3757,30
3758,30
3758,30
3760,30
3760,30
3764,30
3764,30
3765,30
3766,30
3771,30
3775,30
3775,30
3780,30
3781,30
3781,30
3781,30
3782,30
3785,30
3790,30
3793,30
3794,30
3796,30
3797,30
3798,30
3799,30
3800,30
3801,30
3801,30
3802,30
3803,30
3806,30
3808,30
3808,31
3809,31
3813,31
3815,31
3816,31
3816,31
3817,31
3819,31
3821,31
3822,31
3825,31
3830,31
3834,31
3834,31
3842,31
3844,31
3849,31
3850,31
3852,31
3853,31
3853,31
3856,31
3857,31
3857,31
3858,31
3864,31
3866,31
3868,31
3868,31
3882,31
3885,31
3887,31
3889,31
3891,31
3891,31
3892,31
3892,31
3894,31
3897,31
3900,31
3901,31
3901,31
3904,31
3907,31
3909,31
3913,31
3915,31
3917,31
3918,31
3918,31
3919,31
3920,31
3920,31
3923,31
3925,31
3928,31
3929,31
3931,31
3932,31
3934,31
3945,31
3947,31
3947,31
3954,31
3955,31
3958,31
3966,31
3971,31
3972,31
3974,31
3977,31
3977,31
3979,31
3980,31
3982,31
3983,31
3986,31
3988,31
3992,31
3993,31
3994,31
3995,31
3996,31
3997,31
3997,31
3999,31
4000,31
4001,31
4003,31
4011,31
4012,31
4014,31
4016,31
4020,31
4021,31
4030,31
4037,31
4037,31
4042,31
4043,31
4053,32
4054,32
4054,32
4055,32
4055,32
4056,32
4060,32
4062,32
4066,32
4069,32
4072,32
4072,32
4074,32
4076,32
4076,32
4079,32
4082,32
4084,32
4094,32
4098,32
4100,32
4105,32
4106,32
4109,32
4111,32
4112,32
4115,32
4117,32
4117,32
4118,32
4121,32
4121,32
4122,32
4122,32
4123,32
4129,32
4132,32
4133,32
4134,32
4138,32
4139,32
4141,32
4143,32
4144,32
4149,32
4151,32
4151,32
4155,32
4158,32
4159,32
4160,32
4162,32
4166,32
4168,32
4171,32
4171,32
4171,32
4174,32
4176,32
4176,32
4177,32
4177,32
4177,32
4178,32
4179,32
4180,32
4185,32
4189,32
4190,32
4194,32
4195,32
4201,32
4203,32
4204,32
4205,32
4207,32
4211,32
4213,32
4213,32
4214,32
4216,32
4217,32
4220,32
4221,32
4223,32
4226,32
4228,32
4228,32
4229,32
4229,32
4230,32
4236,32
4236,32
4237,32
4240,32
4244,32
4245,32
4246,32
4246,32
4254,32
4254,33
4256,33
4256,33
4260,33
4261,33
4262,33
4262,33
4263,33
4267,33
4267,33
4267,33
4270,33
4270,33
4271,33
4273,33
4280,33
4281,33
4284,33
4288,33
4292,33
4293,33
4298,33
4303,33
4306,33
4307,33
4308,33
4310,33
4310,33
4318,33
4318,33
4320,33
4320,33
4321,33
4323,33
4323,33
4325,33
4330,33
4334,33
4336,33
4337,33
4338,33
4339,33
4348,33
4348,33
4352,33
4353,33
4356,33
4358,33
4359,33
4360,33
4361,33
4363,33
4363,33
4363,33
4364,33
4366,33
4370,33
4372,33
4372,33
4375,33
4377,33
4382,33
4383,33
4390,33
4391,33
4394,33
4394,33
4399,33
4399,33
4403,33
4404,33
4404,33
4409,33
4409,33
4413,33
4413,33
4414,33
4416,33
4417,33
4417,33
4425,33
4436,33
4439,33
4441,33
4445,33
4446,33
4451,33
4454,33
4457,33
4464,33
4465,33
4467,33
4470,33
4473,33
4476,33
4477,33
4478,33
4478,33
4479,33
4482,33
4486,34
4487,34
4491,34
4492,34
4493,34
4496,34
4498,34
4503,34
4506,34
4508,34
4509,34
4512,34
4519,34
4521,34
4526,34
4527,34
4528,34
4531,34
4534,34
4536,34
4536,34
4547,34
4552,34
4553,34
4556,34
4558,34
4558,34
4560,34
4561,34
4561,34
4569,34
4573,34
4574,34
4576,34
4583,34
4587,34
4587,34
4590,34
4593,34
4594,34
4595,34
4596,34
4597,34
4598,34
4600,34
4604,34
4605,34
4606,34
4606,34
4621,34
4628,34
4628,34
4629,34
4630,34
4632,34
4635,34
4639,34
4642,34
4644,34
4646,34
4647,34
4651,34
4655,34
4655,34
4656,34
4658,34
4666,34
4667,34
4668,34
4669,34
4670,34
4671,34
4673,34
4674,34
4674,34
4675,34
4679,34
4681,34
4681,34
4682,34
4682,34
4683,34
4683,34
4685,34
4686,34
4690,34
4691,34
4693,34
4694,34
4694,34
4696,34
4697,34
4697,34
4699,34
4701,34
4702,34
4706,34
4709,34
4709,34
4717,34
4722,35
4723,35
4724,35
4727,35
4728,35
4730,35
4730,35
4731,35
4732,35
4734,35
4735,35
4738,35
4742,35
4749,35
4751,35
4755,35
4756,35
4760,35
4761,35
4765,35
4767,35
4767,35
4770,35
4773,35
4776,35
4780,35
4781,35
4781,35
4782,35
4789,35
4789,35
4794,35
4794,35
4803,35
4804,35
4809,35
4810,35
4810,35
4811,35
4812,35
4816,35
4819,35
4820,35
4821,35
4822,35
4825,35
4831,35
4832,35
4832,35
4836,35
4836,35
4837,35
4842,35
4845,35
4845,35
4857,35
4861,35
4861,35
4863,35
4863,35
4869,35
4869,35
4873,35
4875,35
4876,35
4876,35
4880,35
4887,35
4887,35
4888,35
4889,35
4891,35
4891,35
4894,35
4894,35
4894,35
4895,35
4899,35
4905,35
4911,35
4916,35
4916,35
4917,35
4917,35
4922,35
4923,35
4925,35
4926,35
4927,35
4934,35
4935,35
4937,35
4939,35
4941,35
4942,35
4945,35
4946,35
4948,35
4957,35
4957,35
4962,36
4967,36
4967,36
4969,36
4975,36
4979,36
4980,36
4981,36
4983,36
4984,36
4985,36
4986,36
4987,36
4987,36
4988,36
4989,36
4990,36
4996,36
4998,36
5007,36
5011,36
5011,36
5014,36
5020,36
5024,36
5025,36
5030,36
5034,36
5037,36
5039,36
5040,36
5046,36
5050,36
5053,36
5057,36
5058,36
5058,36
5062,36
5065,36
5070,36
5070,36
5073,36
5078,36
5080,36
5084,36
5086,36
5087,36
5088,36
5091,36
5092,36
5096,36
5099,36
5101,36
5104,36
5105,36
5111,36
5112,36
5113,36
5126,36
5128,36
5131,36
5136,36
5138,36
5139,36
5140,36
5141,36
5141,36
5156,36
5168,36
5171,36
5173,36
5175,36
5179,36
5179,36
5180,36
5185,36
5187,36
5190,36
5190,36
5198,36
5213,36
5221,36
5221,36
5224,36
5224,36
5224,36
5232,36
5232,36
5232,36
5234,36
5235,36
5243,36
5244,36
5252,36
5252,36
5254,36
5261,36
5265,36
5266,36
5267,36
5270,37
5270,37
5273,37
5274,37
5277,37
5282,37
5283,37
5285,37
5290,37
5291,37
5304,37
5304,37
5306,37
5313,37
5314,37
5315,37
5317,37
5319,37
5327,37
5331,37
5335,37
5338,37
5339,37
5340,37
5341,37
5343,37
5348,37
5354,37
5356,37
5363,37
5363,37
5365,37
5367,37
5368,37
5370,37
5375,37
5378,37
5393,37
5395,37
5398,37
5399,37
5399,37
5406,37
5411,37
5413,37
5413,37
5415,37
5415,37
5416,37
5417,37
5419,37
5422,37
5424,37
5428,37
5430,37
5430,37
5431,37
5432,37
5437,37
5445,37
5446,37
5446,37
5446,37
5452,37
5453,37
5454,37
5455,37
5457,37
5459,37
5467,37
5472,37
5472,37
5472,37
5475,37
5479,37
5481,37
5482,37
5490,37
5493,37
5494,37
5496,37
5500,37
5509,37
5519,37
5522,37
5523,37
5526,37
5531,37
5534,37
5534,37
5537,37
5539,37
5541,37
5543,37
5546,37
5548,37
5548,37
5554,37
5562,37
5564,37
5568,38
5568,38
5571,38
5571,38
5572,38
5573,38
5574,38
5579,38
5579,38
5587,38
5587,38
5595,38
5595,38
5596,38
5596,38
5597,38
5598,38
5599,38
5603,38
5604,38
5608,38
5608,38
5614,38
5615,38
5615,38
5616,38
5616,38
5618,38
5625,38
5629,38
5629,38
5630,38
5631,38
5634,38
5636,38
5638,38
5642,38
5644,38
5651,38
5655,38
5657,38
5665,38
5671,38
5673,38
5673,38
5676,38
5680,38
5684,38
5684,38
5686,38
5687,38
5694,38
5700,38
5700,38
5700,38
5700,38
5704,38
5710,38
5710,38
5710,38
5711,38
5717,38
5718,38
5719,38
5720,38
5725,38
5725,38
5726,38
5729,38
5734,38
5736,38
5749,38
5750,38
5755,38
5756,38
5756,38
5759,38
5760,38
5761,38
5766,38
5775,38
5777,38
5778,38
5778,38
5778,38
5785,38
5789,38
5791,38
5792,38
5796,38
5797,38
5802,38
5803,38
5814,38
5817,38
5817,38
5836,38
5841,38
5841,38
5856,38
5861,39
5862,39
5863,39
5865,39
5865,39
5867,39
5869,39
5870,39
5872,39
5872,39
5877,39
5879,39
5885,39
5888,39
5889,39
5902,39
5905,39
5906,39
5908,39
5912,39
5921,39
5922,39
5929,39
5937,39
5937,39
5941,39
5945,39
5946,39
5947,39
5954,39
5954,39
5955,39
5958,39
5967,39
5973,39
5980,39
5985,39
5988,39
6001,39
6001,39
6005,39
6006,39
6009,39
6015,39
6016,39
6020,39
6022,39
6024,39
6031,39
6036,39
6037,39
6039,39
6041,39
6048,39
6049,39
6053,39
6054,39
6054,39
6061,39
6064,39
6065,39
6070,39
6079,39
6082,39
6084,39
6084,39
6085,39
6091,39
6092,39
6096,39
6098,39
6099,39
6107,39
6109,39
6121,39
6123,39
6126,39
6129,39
6130,39
6132,39
6133,39
6149,39
6151,39
6153,39
6155,39
6155,39
6157,39
6161,39
6165,39
6166,39
6168,39
6168,39
6169,39
6173,39
6174,39
6178,39
6181,39
6183,39
6184,39
6193,39
6194,40
6199,40
6205,40
6206,40
6219,40
6221,40
6226,40
6230,40
6236,40
6236,40
6237,40
6241,40
6241,40
6245,40
6251,40
6254,40
6259,40
6261,40
6263,40
6266,40
6273,40
6273,40
6278,40
6278,40
6278,40
6281,40
6285,40
6288,40
6292,40
6296,40
6298,40
6301,40
6303,40
6307,40
6307,40
6308,40
6310,40
6311,40
6312,40
6312,40
6313,40
6313,40
6315,40
6321,40
6323,40
6327,40
6333,40
6334,40
6335,40
6336,40
6339,40
6351,40
6356,40
6360,40
6361,40
6362,40
6364,40
6366,40
6368,40
6368,40
6373,40
6383,40
6390,40
6392,40
6394,40
6395,40
6404,40
6408,40
6410,40
6410,40
6411,40
6421,40
6424,40
6424,40
6425,40
6426,40
6426,40
6430,40
6435,40
6436,40
6437,40
6440,40
6440,40
6444,40
6451,40
6461,40
6478,40
6489,40
6491,40
6493,40
6496,40
6499,40
6500,40
6503,40
6511,40
6516,40
6522,40
6529,40
6531,40
6532,40
6534,41
6534,41
6541,41
6541,41
6547,41
6553,41
6561,41
6566,41
6568,41
6574,41
6575,41
6581,41
6583,41
6586,41
6590,41
6595,41
6604,41
6619,41
6628,41
6629,41
6629,41
6631,41
6638,41
6638,41
6641,41
6646,41
6647,41
6647,41
6656,41
6661,41
6663,41
6668,41
6677,41
6681,41
6684,41
6689,41
6690,41
6700,41
6705,41
6706,41
6707,41
6709,41
6714,41
6716,41
6722,41
6725,41
6728,41
6730,41
6730,41
6733,41
6734,41
6738,41
6738,41
6738,41
6743,41
6745,41
6746,41
6747,41
6749,41
6749,41
6750,41
6753,41
6758,41
6761,41
6764,41
6764,41
6770,41
6771,41
6779,41
6785,41
6787,41
6793,41
6798,41
6801,41
6808,41
6810,41
6813,41
6814,41
6814,41
6825,41
6827,41
6828,41
6830,41
6833,41
6833,41
6840,41
6841,41
6842,41
6843,41
6846,41
6847,41
6848,41
6850,41
6851,41
6859,41
6864,41
6864,41
6865,41
6867,41
6871,41
6871,42
6875,42
6877,42
6880,42
6880,42
6881,42
6883,42
6883,42
6886,42
6899,42
6900,42
6904,42
6904,42
6914,42
6927,42
6929,42
6929,42
6932,42
6933,42
6935,42
6940,42
6945,42
6951,42
6958,42
6958,42
6959,42
6960,42
6964,42
6968,42
6970,42
6972,42
6973,42
6975,42
6984,42
6989,42
7008,42
7010,42
7017,42
7021,42
7034,42
7035,42
7040,42
7042,42
7043,42
7045,42
7045,42
7049,42
7053,42
7057,42
7061,42
7063,42
7067,42
7070,42
7071,42
7073,42
7075,42
7079,42
7082,42
7093,42
7094,42
7097,42
7097,42
7099,42
7100,42
7101,42
7102,42
7102,42
7109,42
7110,42
7116,42
7126,42
7127,42
7128,42
7140,42
7142,42
7142,42
7145,42
7148,42
7149,42
7153,42
7162,42
7163,42
7165,42
7171,42
7179,42
7180,42
7181,42
7182,42
7183,42
7187,42
7187,42
7193,42
7194,42
7196,42
7200,42
7210,42
7212,42
7212,42
7214,42
7215,42
7220,43
7221,43
7221,43
7227,43
7227,43
7229,43
7229,43
7230,43
7230,43
7231,43
7246,43
7252,43
7254,43
7256,43
7260,43
7261,43
7264,43
7266,43
7272,43
7276,43
7276,43
7277,43
7279,43
7281,43
7297,43
7300,43
7302,43
7305,43
7305,43
7307,43
7308,43
7309,43
7317,43
7319,43
7323,43
7324,43
7324,43
7326,43
7328,43
7333,43
7337,43
7339,43
7347,43
7348,43
7358,43
7363,43
7368,43
7373,43
7379,43
7381,43
7382,43
7389,43
7389,43
7393,43
7394,43
7395,43
7398,43
7402,43
7407,43
7408,43
7413,43
7414,43
7414,43
7415,43
7417,43
7418,43
7418,43
7418,43
7423,43
7424,43
7432,43
7434,43
7450,43
7463,43
7468,43
7473,43
7473,43
7478,43
7501,43
7510,43
7511,43
7512,43
7514,43
7516,43
7519,43
7532,43
7535,43
7539,43
7539,43
7540,43
7548,43
7553,43
7556,43
7564,43
7564,43
7574,43
7584,43
7591,43
7593,43
7596,43
7596,44
7604,44
7607,44
7611,44
7616,44
7628,44
7638,44
7640,44
7641,44
7643,44
7644,44
7649,44
7651,44
7654,44
7656,44
7658,44
7661,44
7663,44
7663,44
7664,44
7670,44
7674,44
7675,44
7678,44
7679,44
7680,44
7683,44
7683,44
7685,44
7686,44
7688,44
7691,44
7691,44
7695,44
7696,44
7702,44
7703,44
7703,44
7711,44
7711,44
7712,44
7712,44
7712,44
7713,44
7714,44
7715,44
7720,44
7724,44
7724,44
7733,44
7737,44
7739,44
7739,44
7740,44
7743,44
7749,44
7761,44
7763,44
7767,44
7775,44
7781,44
7787,44
7788,44
7795,44
7801,44
7803,44
7806,44
7808,44
7810,44
7810,44
7814,44
7818,44
7821,44
7825,44
7830,44
7833,44
7835,44
7836,44
7841,44
7842,44
7844,44
7845,44
7847,44
7853,44
7855,44
7860,44
7866,44
7869,44
7869,44
7872,44
7872,44
7877,44
7880,44
7883,44
7891,44
7893,44
7895,44
7898,44
7902,44
7904,44
7907,45
7914,45
7916,45
7919,45
7922,45
7923,45
7924,45
7925,45
7926,45
7938,45
7938,45
7943,45
7947,45
7951,45
7965,45
7970,45
7977,45
7980,45
7984,45
7987,45
7990,45
7996,45
7997,45
8003,45
8006,45
8010,45
8021,45
8035,45
8037,45
8039,45
8047,45
8048,45
8050,45
8052,45
8053,45
8062,45
8064,45
8067,45
8067,45
8071,45
8082,45
8082,45
8089,45
8091,45
8099,45
8101,45
8107,45
8108,45
8111,45
8112,45
8115,45
8118,45
8120,45
8120,45
8122,45
8134,45
8145,45
8151,45
8156,45
8157,45
8170,45
8172,45
8172,45
8178,45
8192,45
8208,45
8212,45
8213,45
8215,45
8220,45
8221,45
8224,45
8227,45
8228,45
8229,45
8239,45
8240,45
8244,45
8245,45
8246,45
8255,45
8266,45
8268,45
8270,45
8272,45
8272,45
8273,45
8274,45
8278,45
8278,45
8279,45
8280,45
8296,45
8300,45
8308,45
8309,45
8312,45
8313,45
8315,45
8318,45
8332,46
8340,46
8341,46
8342,46
8347,46
8348,46
8357,46
8362,46
8364,46
8369,46
8370,46
8376,46
8383,46
8387,46
8390,46
8390,46
8391,46
8391,46
8400,46
8408,46
8409,46
8410,46
8413,46
8416,46
8417,46
8437,46
8456,46
8467,46
8467,46
8468,46
8477,46
8478,46
8483,46
8486,46
8489,46
8491,46
8495,46
8496,46
8504,46
8510,46
8510,46
8520,46
8523,46
8527,46
8531,46
8533,46
8539,46
8540,46
8543,46
8549,46
8559,46
8560,46
8561,46
8563,46
8573,46
8576,46
8582,46
8601,46
8602,46
8604,46
8616,46
8618,46
8632,46
8634,46
8634,46
8635,46
8637,46
8639,46
8639,46
8642,46
8643,46
8648,46
8658,46
8659,46
8660,46
8664,46
8665,46
8675,46
8679,46
8684,46
8687,46
8692,46
8694,46
8701,46
8707,46
8707,46
8711,46
8717,46
8721,46
8724,46
8727,46
8728,46
8732,46
8738,46
8739,46
8741,46
8753,46
8755,46
8756,46
8761,46
8761,47
8774,47
8774,47
8777,47
8781,47
8782,47
8782,47
8782,47
8786,47
8786,47
8788,47
8795,47
8801,47
8811,47
8819,47
8821,47
8822,47
8826,47
8839,47
8843,47
8844,47
8844,47
8847,47
8850,47
8856,47
8859,47
8867,47
8867,47
8869,47
8873,47
8875,47
8877,47
8878,47
8878,47
8881,47
8884,47
8884,47
8884,47
8886,47
8889,47
8898,47
8898,47
8903,47
8906,47
8914,47
8917,47
8923,47
8942,47
8946,47
8948,47
8969,47
8973,47
8974,47
8975,47
8978,47
8980,47
8986,47
8990,47
8991,47
8996,47
8998,47
9001,47
9017,47
9029,47
9031,47
9040,47
9046,47
9048,47
9051,47
9056,47
9067,47
9082,47
9089,47
9095,47
9095,47
9096,47
9109,47
9112,47
9115,47
9115,47
9124,47
9124,47
9129,47
9129,47
9130,47
9138,47
9142,47
9144,47
9144,47
9146,47
9149,47
9152,47
9156,47
9159,47
9165,47
9172,47
9176,47
9180,47
9182,47
9187,47
9192,48
9215,48
9217,48
9219,48
9222,48
9223,48
9230,48
9233,48
9241,48
9246,48
9246,48
9247,48
9249,48
9250,48
9252,48
9253,48
9262,48
9263,48
9265,48
9275,48
9285,48
9287,48
9292,48
9292,48
9293,48
9298,48
9304,48
9307,48
9308,48
9310,48
9312,48
9322,48
9324,48
9332,48
9334,48
9335,48
9344,48
9352,48
9353,48
9354,48
9362,48
9363,48
9366,48
9374,48
9388,48
9389,48
9390,48
9395,48
9396,48
9400,48
9402,48
9425,48
9427,48
9429,48
9431,48
9432,48
9437,48
9441,48
9445,48
9462,48
9471,48
9480,48
9480,48
9500,48
9508,48
9510,48
9519,48
9526,48
9526,48
9527,48
9527,48
9531,48
9534,48
9537,48
9540,48
9544,48
9546,48
9552,48
9560,48
9569,48
9576,48
9581,48
9587,48
9589,48
9595,48
9601,48
9601,48
9609,48
9609,48
9612,48
9615,48
9632,48
9644,48
9648,48
9648,48
9651,48
9658,48
9671,48
9678,48
9679,48
9679,49
9684,49
9684,49
9684,49
9685,49
9686,49
9689,49
9690,49
9696,49
9701,49
9706,49
9706,49
9707,49
9709,49
9711,49
9715,49
9716,49
9719,49
9720,49
9721,49
9721,49
9729,49
9734,49
9740,49
9741,49
9746,49
9753,49
9755,49
9765,49
9771,49
9772,49
9773,49
9777,49
9778,49
9778,49
9778,49
9780,49
9782,49
9791,49
9792,49
9800,49
9803,49
9811,49
9811,49
9815,49
9828,49
9832,49
9847,49
9859,49
9860,49
9861,49
9881,49
9883,49
9892,49
9892,49
9897,49
9901,49
9915,49
9921,49
9922,49
9923,49
9928,49
9928,49
9934,49
9941,49
9957,49
9958,49
9964,49
9982,49
9986,49
9986,49
9990,49
9999,49
10002,49
10018,49
10019,49
10021,49
10022,49
10033,49
10036,49
10040,49
10041,49
10055,49
10061,49
10063,49
10067,49
10074,49
10080,49
10083,49
10084,49
10087,49
10092,49
10095,49
10101,49
10104,49
10111,49
10112,49
10115,49
10115,49
10120,49
10123,50
10124,50
10130,50
10139,50
10139,50
10148,50
10148,50
10150,50
10152,50
10152,50
10158,50
10160,50
10165,50
10167,50
10169,50
10169,50
10174,50
10177,50
10182,50
10183,50
10185,50
10190,50
10192,50
10196,50
10196,50
10200,50
10209,50
10214,50
10214,50
10215,50
10222,50
10222,50
10223,50
10226,50
10256,50
10263,50
10291,50
10291,50
10292,50
10304,50
10308,50
10310,50
10311,50
10315,50
10328,50
10329,50
10331,50
10346,50
10351,50
10351,50
10357,50
10357,50
10361,50
10374,50
10399,50
10399,50
10400,50
10413,50
10427,50
10429,50
10431,50
10431,50
10433,50
10435,50
10437,50
10442,50
10459,50
10463,50
10471,50
10476,50
10483,50
10484,50
10490,50
10497,50
10502,50
10505,50
10512,50
10514,50
10527,50
10528,50
10537,50
10546,50
10549,50
10554,50
10564,50
10565,50
10566,50
10583,50
10584,50
10592,50
10595,50
10600,50
10600,50
10601,50
10603,50
10606,50
10608,50
10609,50
10610,50
10612,50
10616,51
10620,51
10622,51
10625,51
10626,51
10631,51
10639,51
10646,51
10649,51
10651,51
10651,51
10654,51
10656,51
10665,51
10667,51
10678,51
10679,51
10681,51
10684,51
10687,51
10696,51
10698,51
10701,51
10703,51
10704,51
10707,51
10708,51
10709,51
10714,51
10729,51
10733,51
10749,51
10752,51
10752,51
10756,51
10766,51
10769,51
10769,51
10776,51
10779,51
10792,51
10793,51
10799,51
10805,51
10806,51
10810,51
10811,51
10815,51
10821,51
10834,51
10834,51
10852,51
10857,51
10858,51
10861,51
10862,51
10865,51
10866,51
10872,51
10874,51
10874,51
10881,51
10884,51
10885,51
10888,51
10890,51
10899,51
10910,51
10932,51
10934,51
10937,51
10939,51
10948,51
10958,51
10959,51
10959,51
10977,51
10997,51
11001,51
11002,51
11008,51
11011,51
11028,51
11036,51
11037,51
11066,51
11069,51
11075,51
11077,51
11084,51
11089,51
11124,51
11135,51
11137,51
11148,51
11153,51
11154,51
11157,51
11158,51
11177,51
11185,52
11194,52
11198,52
11217,52
11217,52
11230,52
11258,52
11261,52
11264,52
11268,52
11285,52
11315,52
11323,52
11327,52
11343,52
11343,52
11345,52
11345,52
11354,52
11354,52
11372,52
11378,52
11389,52
11393,52
11411,52
11419,52
11428,52
11432,52
11450,52
11455,52
11461,52
11462,52
11465,52
11466,52
11467,52
11473,52
11475,52
11481,52
11486,52
11490,52
11513,52
11513,52
11525,52
11528,52
11532,52
11540,52
11559,52
11559,52
11565,52
11567,52
11573,52
11579,52
11581,52
11610,52
11618,52
11630,52
11635,52
11639,52
11643,52
11644,52
11646,52
11646,52
11655,52
11663,52
11663,52
11671,52
11678,52
11679,52
11680,52
11684,52
11697,52
11698,52
11700,52
11704,52
11705,52
11707,52
11710,52
11713,52
11713,52
11720,52
11723,52
11726,52
11730,52
11734,52
11741,52
11753,52
11763,52
11763,52
11770,52
11785,52
11789,52
11808,52
11813,52
11824,52
11828,52
11832,52
11840,52
11844,52
11852,52
11857,52
11866,53
11873,53
11883,53
11885,53
11887,53
11888,53
11889,53
11905,53
11918,53
11921,53
11922,53
11927,53
11929,53
11931,53
11934,53
11937,53
11941,53
11942,53
11946,53
11946,53
11954,53
11963,53
11963,53
11975,53
11978,53
11986,53
11986,53
11986,53
11989,53
12001,53
12002,53
12011,53
12013,53
12026,53
12028,53
12029,53
12042,53
12055,53
12056,53
12056,53
12058,53
12063,53
12068,53
12075,53
12077,53
12078,53
12079,53
12079,53
12082,53
12085,53
12086,53
12088,53
12100,53
12114,53
12117,53
12126,53
12138,53
12139,53
12144,53
12145,53
12147,53
12148,53
12159,53
12178,53
12188,53
12230,53
12246,53
12247,53
12253,53
12268,53
12271,53
12271,53
12286,53
12287,53
12291,53
12292,53
12296,53
12302,53
12309,53
12319,53
12321,53
12329,53
12335,53
12345,53
12347,53
12347,53
12375,53
12387,53
12392,53
12394,53
12404,53
12407,53
12410,53
12416,53
12416,53
12426,53
12433,53
12438,53
12444,53
12454,53
12455,54
12458,54
12463,54
12465,54
12466,54
12474,54
12489,54
12497,54
12508,54
12513,54
12521,54
12522,54
12527,54
12529,54
12529,54
12562,54
12562,54
12562,54
12574,54
12579,54
12581,54
12582,54
12586,54
12587,54
12592,54
12594,54
12607,54
12610,54
12612,54
12617,54
12624,54
12628,54
12641,54
12641,54
12654,54
12659,54
12661,54
12674,54
12685,54
12691,54
12692,54
12696,54
12698,54
12704,54
12705,54
12712,54
12727,54
12728,54
12729,54
12730,54
12735,54
12735,54
12738,54
12746,54
12753,54
12765,54
12780,54
12781,54
12781,54
12785,54
12810,54
12813,54
12816,54
12827,54
12853,54
12854,54
12859,54
12860,54
12863,54
12884,54
12889,54
12898,54
12907,54
12909,54
12924,54
12926,54
12942,54
12945,54
12949,54
12952,54
12960,54
12970,54
12976,54
12976,54
12978,54
12993,54
12996,54
13000,54
13002,54
13023,54
13029,54
13046,54
13048,54
13051,54
13059,54
13066,54
13069,54
13074,54
13074,54
13080,54
13084,55
13087,55
13087,55
13089,55
13089,55
13102,55
13110,55
13111,55
13146,55
13150,55
13153,55
13154,55
13162,55
13164,55
13201,55
13219,55
13235,55
13246,55
13253,55
13265,55
13267,55
13277,55
13278,55
13281,55
13282,55
13282,55
13283,55
13291,55
13306,55
13311,55
13321,55
13323,55
13340,55
13349,55
13352,55
13355,55
13359,55
13359,55
13363,55
13371,55
13392,55
13392,55
13438,55
13444,55
13481,55
13483,55
13495,55
13498,55
13509,55
13512,55
13515,55
13520,55
13533,55
13537,55
13546,55
13559,55
13559,55
13560,55
13564,55
13572,55
13574,55
13575,55
13576,55
13585,55
13587,55
13587,55
13594,55
13597,55
13601,55
13608,55
13616,55
13628,55
13634,55
13635,55
13637,55
13641,55
13643,55
13650,55
13667,55
13670,55
13675,55
13677,55
13689,55
13692,55
13696,55
13701,55
13706,55
13721,55
13725,55
13732,55
13738,55
13743,55
13749,55
13759,55
13760,55
13761,55
13770,55
13774,55
13774,55
13796,55
13802,56
13814,56
13828,56
13840,56
13849,56
13861,56
13863,56
13864,56
13867,56
13868,56
13872,56
13873,56
13880,56
13889,56
13899,56
13909,56
13922,56
13926,56
13932,56
13942,56
13948,56
13955,56
13961,56
13979,56
13984,56
13988,56
13994,56
13994,56
13996,56
14007,56
14009,56
14020,56
14026,56
14029,56
14053,56
14054,56
14055,56
14061,56
14063,56
14084,56
14099,56
14100,56
14102,56
14120,56
14122,56
14123,56
14123,56
14124,56
14127,56
14128,56
14136,56
14136,56
14143,56
14149,56
14168,56
14196,56
14197,56
14199,56
14201,56
14213,56
14220,56
14232,56
14232,56
14233,56
14241,56
14249,56
14256,56
14259,56
14265,56
14267,56
14275,56
14276,56
14278,56
14284,56
14286,56
14291,56
14308,56
14322,56
14323,56
14332,56
14335,56
14338,56
14354,56
14367,56
14369,56
14382,56
14382,56
14389,56
14401,56
14416,56
14424,56
14427,56
14427,56
14429,56
14441,56
14456,56
14459,56
14459,56
14459,56
14465,56
14469,57
14472,57
14476,57
14480,57
14492,57
14501,57
14507,57
14517,57
14522,57
14524,57
14529,57
14544,57
14546,57
14560,57
14562,57
14566,57
14566,57
14567,57
14578,57
14580,57
14600,57
14613,57
14613,57
14615,57
14617,57
14626,57
14630,57
14632,57
14639,57
14651,57
14653,57
14663,57
14665,57
14675,57
14695,57
14698,57
14709,57
14721,57
14726,57
14735,57
14739,57
14747,57
14749,57
14749,57
14750,57
14753,57
14767,57
14775,57
14785,57
14790,57
14795,57
14802,57
14848,57
14849,57
14851,57
14856,57
14860,57
14868,57
14868,57
14872,57
14872,57
14903,57
14905,57
14911,57
14912,57
14916,57
14935,57
14939,57
14940,57
14941,57
14948,57
14951,57
14954,57
14967,57
14972,57
14980,57
14988,57
14991,57
15009,57
15020,57
15030,57
15069,57
15096,57
15144,57
15147,57
15149,57
15154,57
15154,57
15171,57
15174,57
15191,57
15194,57
15201,57
15229,57
15242,57
15243,57
15246,57
15258,57
15259,57
15261,57
15262,58
15270,58
15272,58
15284,58
15294,58
15310,58
15312,58
15320,58
15327,58
15332,58
15340,58
15369,58
15403,58
15406,58
15411,58
15418,58
15425,58
15435,58
15437,58
15472,58
15483,58
15487,58
15492,58
15499,58
15505,58
15526,58
15545,58
15553,58
15558,58
15559,58
15564,58
15567,58
15570,58
15574,58
15576,58
15593,58
15600,58
15602,58
15604,58
15624,58
15628,58
15636,58
15642,58
15655,58
15658,58
15658,58
15660,58
15663,58
15679,58
15694,58
15696,58
15702,58
15710,58
15711,58
15713,58
15713,58
15717,58
15720,58
15720,58
15732,58
15737,58
15747,58
15759,58
15784,58
15792,58
15810,58
15818,58
15829,58
15829,58
15830,58
15849,58
15852,58
15863,58
15879,58
15884,58
15899,58
15912,58
15912,58
15922,58
15928,58
15931,58
15933,58
15934,58
15941,58
15957,58
15968,58
15969,58
15980,58
15984,58
15988,58
15993,58
16004,58
16006,58
16022,58
16030,58
16059,58
16070,58
16078,58
16080,58
16084,58
16085,59
16087,59
16109,59
16116,59
16123,59
16131,59
16161,59
16168,59
16183,59
16185,59
16190,59
16191,59
16193,59
16210,59
16221,59
16227,59
16239,59
16249,59
16250,59
16265,59
16265,59
16268,59
16288,59
16308,59
16321,59
16330,59
16330,59
16333,59
16337,59
16358,59
16381,59
16383,59
16387,59
16392,59
16395,59
16397,59
16401,59
16413,59
16414,59
16448,59
16448,59
16476,59
16497,59
16510,59
16517,59
16525,59
16527,59
16531,59
16533,59
16534,59
16551,59
16554,59
16554,59
16559,59
16560,59
16568,59
16574,59
16589,59
16595,59
16603,59
16687,59
16696,59
16723,59
16724,59
16730,59
16731,59
16731,59
16742,59
16748,59
16751,59
16759,59
16759,59
16766,59
16789,59
16792,59
16800,59
16802,59
16806,59
16808,59
16813,59
16850,59
16857,59
16862,59
16883,59
16890,59
16895,59
16898,59
16904,59
16913,59
16914,59
16917,59
16925,59
16925,59
16943,59
16943,59
16957,59
16984,59
16984,59
16989,59
16996,59
16996,60
17027,60
17028,60
17029,60
17037,60
17040,60
17042,60
17050,60
17069,60
17075,60
17097,60
17101,60
17110,60
17119,60
17123,60
17127,60
17137,60
17148,60
17148,60
17148,60
17159,60
17208,60
17219,60
17229,60
17258,60
17258,60
17265,60
17266,60
17300,60
17318,60
17326,60
17342,60
17344,60
17378,60
17389,60
17398,60
17407,60
17414,60
17423,60
17437,60
17440,60
17451,60
17454,60
17459,60
17461,60
17472,60
17478,60
17495,60
17509,60
17516,60
17526,60
17546,60
17557,60
17560,60
17569,60
17569,60
17572,60
17583,60
17587,60
17595,60
17629,60
17641,60
17663,60
17665,60
17677,60
17696,60
17698,60
17699,60
17719,60
17722,60
17734,60
17749,60
17756,60
17758,60
17806,60
17832,60
17847,60
17879,60
17883,60
17894,60
17895,60
17917,60
17937,60
17944,60
17951,60
17995,60
17998,60
18001,60
18002,60
18024,60
18025,60
18038,60
18039,60
18070,60
18087,60
18090,60
18099,60
18117,60
18132,60
18157,60
18164,61
18173,61
18190,61
18202,61
18209,61
18210,61
18212,61
18219,61
18234,61
18234,61
18242,61
18247,61
18252,61
18263,61
18272,61
18274,61
18297,61
18312,61
18316,61
18334,61
18337,61
18356,61
18357,61
18370,61
18389,61
18416,61
18421,61
18437,61
18470,61
18476,61
18476,61
18480,61
18490,61
18508,61
18513,61
18513,61
18513,61
18524,61
18557,61
18576,61
18586,61
18604,61
18609,61
18615,61
18627,61
18629,61
18639,61
18667,61
18679,61
18679,61
18680,61
18701,61
18714,61
18714,61
18718,61
18724,61
18768,61
18771,61
18783,61
18787,61
18789,61
18800,61
18801,61
18816,61
18831,61
18838,61
18839,61
18841,61
18842,61
18856,61
18861,61
18868,61
18869,61
18882,61
18891,61
18893,61
18902,61
18903,61
18908,61
18927,61
18929,61
18934,61
18937,61
18941,61
18956,61
18961,61
18977,61
18987,61
19008,61
19010,61
19021,61
19023,61
19024,61
19045,61
19046,61
19049,61
19069,61
19072,61
19095,61
19114,61
19124,62
19130,62
19139,62
19172,62
19195,62
19208,62
19219,62
19228,62
19232,62
19248,62
19263,62
19288,62
19329,62
19339,62
19348,62
19354,62
19360,62
19363,62
19371,62
19372,62
19374,62
19392,62
19404,62
19414,62
19426,62
19445,62
19449,62
19450,62
19454,62
19470,62
19473,62
19496,62
19501,62
19502,62
19516,62
19516,62
19541,62
19587,62
19596,62
19597,62
19601,62
19606,62
19619,62
19625,62
19633,62
19683,62
19684,62
19686,62
19693,62
19704,62
19735,62
19747,62
19747,62
19749,62
19750,62
19758,62
19765,62
19770,62
19789,62
19795,62
19811,62
19812,62
19819,62
19833,62
19833,62
19846,62
19851,62
19852,62
19856,62
19864,62
19868,62
19868,62
19880,62
19888,62
19906,62
19913,62
19931,62
19952,62
19963,62
19983,62
20004,62
20022,62
20024,62
20024,62
20030,62
20031,62
20044,62
20048,62
20053,62
20084,62
20097,62
20127,62
20134,62
20137,62
20142,62
20149,62
20152,62
20162,62
20168,62
20169,62
20185,63
20211,63
20211,63
20249,63
20260,63
20261,63
20263,63
20268,63
20271,63
20271,63
20301,63
20303,63
20319,63
20319,63
20332,63
20334,63
20352,63
20353,63
20363,63
20368,63
20395,63
20407,63
20407,63
20415,63
20417,63
20431,63
20431,63
20435,63
20436,63
20438,63
20442,63
20445,63
20449,63
20454,63
20464,63
20464,63
20497,63
20513,63
20519,63
20541,63
20546,63
20568,63
20572,63
20580,63
20587,63
20604,63
20611,63
20621,63
20628,63
20640,63
20676,63
20685,63
20686,63
20697,63
20699,63
20709,63
20711,63
20715,63
20735,63
20746,63
20750,63
20750,63
20751,63
20758,63
20770,63
20794,63
20795,63
20803,63
20806,63
20820,63
20865,63
20865,63
20879,63
20892,63
20902,63
20904,63
20904,63
20921,63
20921,63
20922,63
20925,63
20933,63
20938,63
20955,63
20960,63
20968,63
20992,63
20999,63
21001,63
21030,63
21039,63
21080,63
21082,63
21089,63
21100,63
21102,63
21122,63
21129,63
21144,63
21151,63
21153,64
21169,64
21180,64
21193,64
21197,64
21197,64
21236,64
21237,64
21238,64
21246,64
21263,64
21264,64
21268,64
21279,64
21282,64
21299,64
21312,64
21319,64
21336,64
21352,64
21360,64
21383,64
21389,64
21417,64
21427,64
21432,64
21441,64
21441,64
21474,64
21498,64
21504,64
21513,64
21517,64
21517,64
21528,64
21537,64
21542,64
21546,64
21547,64
21561,64
21571,64
21586,64
21621,64
21665,64
21666,64
21670,64
21672,64
21690,64
21704,64
21716,64
21719,64
21724,64
21728,64
21742,64
21766,64
21781,64
21784,64
21785,64
21797,64
21818,64
21819,64
21823,64
21833,64
21853,64
21854,64
21873,64
21883,64
21890,64
21893,64
21895,64
21910,64
21910,64
21917,64
21920,64
21924,64
21960,64
21980,64
21982,64
21995,64
22003,64
22011,64
22012,64
22012,64
22022,64
22024,64
22028,64
22028,64
22044,64
22046,64
22050,64
22057,64
22068,64
22091,64
22094,64
22111,64
22165,64
22169,64
22179,64
22190,64
22196,64
22200,65
22207,65
22219,65
22234,65
22236,65
22248,65
22263,65
22282,65
22294,65
22296,65
22298,65
22301,65
22310,65
22317,65
22319,65
22324,65
22338,65
22349,65
22382,65
22392,65
22419,65
22447,65
22452,65
22461,65
22467,65
22472,65
22473,65
22486,65
22493,65
22515,65
22528,65
22530,65
22534,65
22586,65
22594,65
22643,65
22682,65
22696,65
22705,65
22706,65
22733,65
22733,65
22748,65
22758,65
22763,65
22765,65
22795,65
22819,65
22820,65
22855,65
22856,65
22856,65
22874,65
22879,65
22886,65
22899,65
22919,65
22937,65
22949,65
22959,65
22972,65
22978,65
22983,65
22997,65
22999,65
23005,65
23011,65
23045,65
23078,65
23088,65
23092,65
23094,65
23095,65
23104,65
23129,65
23150,65
23169,65
23199,65
23201,65
23212,65
23212,65
23216,65
23224,65
23255,65
23286,65
23301,65
23304,65
23326,65
23328,65
23364,65
23366,65
23380,65
23394,65
23400,65
23406,65
23424,65
23430,65
23436,65
23439,65
23466,65
23497,66
23509,66
23515,66
23523,66
23538,66
23572,66
23582,66
23621,66
23621,66
23643,66
23649,66
23654,66
23656,66
23667,66
23694,66
23708,66
23730,66
23733,66
23746,66
23771,66
23826,66
23845,66
23868,66
23873,66
23887,66
23893,66
23898,66
23926,66
23973,66
23980,66
23985,66
23985,66
23993,66
23999,66
24003,66
24013,66
24023,66
24091,66
24092,66
24119,66
24123,66
24143,66
24146,66
24153,66
24177,66
24181,66
24197,66
24241,66
24243,66
24249,66
24284,66
24331,66
24338,66
24362,66
24363,66
24377,66
24378,66
24383,66
24384,66
24412,66
24434,66
24446,66
24453,66
24470,66
24473,66
24476,66
24492,66
24506,66
24529,66
24552,66
24560,66
24566,66
24571,66
24597,66
24598,66
24606,66
24609,66
24615,66
24627,66
24637,66
24646,66
24682,66
24695,66
24735,66
24745,66
24761,66
24763,66
24764,66
24773,66
24781,66
24805,66
24824,66
24825,66
24828,66
24829,66
24830,66
24844,66
24867,66
24877,66
24878,66
24882,67
24896,67
24916,67
24925,67
24932,67
24936,67
24937,67
24938,67
24942,67
24959,67
24969,67
25002,67
25005,67
25014,67
25024,67
25039,67
25049,67
25072,67
25112,67
25117,67
25118,67
25142,67
25149,67
25160,67
25176,67
25200,67
25200,67
25203,67
25250,67
25253,67
25255,67
25260,67
25277,67
25293,67
25373,67
25386,67
25390,67
25391,67
25395,67
25409,67
25419,67
25423,67
25426,67
25451,67
25481,67
25485,67
25485,67
25507,67
25534,67
25561,67
25588,67
25602,67
25621,67
25656,67
25675,67
25728,67
25741,67
25750,67
25750,67
25773,67
25814,67
25829,67
25836,67
25836,67
25841,67
25845,67
25852,67
25854,67
25854,67
25855,67
25879,67
25880,67
25894,67
25898,67
25903,67
25910,67
25917,67
25920,67
25932,67
25934,67
25940,67
25958,67
25969,67
25969,67
25970,67
25977,67
25984,67
26004,67
26025,67
26037,67
26045,67
26053,67
26072,67
26074,67
26082,67
26084,67
26097,67
26135,67
26185,67
26192,67
26225,68
26229,68
26232,68
26237,68
26240,68
26251,68
26251,68
26269,68
26293,68
26297,68
26314,68
26329,68
26331,68
26399,68
26429,68
26443,68
26464,68
26481,68
26497,68
26509,68
26518,68
26539,68
26568,68
26581,68
26608,68
26669,68
26703,68
26708,68
26736,68
26742,68
26746,68
26755,68
26762,68
26788,68
26789,68
26791,68
26801,68
26804,68
26842,68
26851,68
26873,68
26880,68
26885,68
26894,68
26915,68
26934,68
26957,68
26976,68
26978,68
26980,68
26993,68
27010,68
27030,68
27031,68
27054,68
27058,68
27072,68
27086,68
27091,68
27094,68
27195,68
27203,68
27213,68
27267,68
27269,68
27277,68
27280,68
27288,68
27319,68
27343,68
27349,68
27362,68
27372,68
27380,68
27393,68
27405,68
27417,68
27447,68
27454,68
27460,68
27505,68
27507,68
27517,68
27517,68
27532,68
27542,68
27635,68
27665,68
27668,68
27668,68
27673,68
27697,68
27734,68
27752,68
27760,68
27774,68
27790,68
27833,68
27850,68
27863,68
27877,69
27882,69
27919,69
27937,69
27990,69
28006,69
28049,69
28066,69
28066,69
28086,69
28092,69
28095,69
28111,69
28123,69
28151,69
28152,69
28164,69
28166,69
28171,69
28175,69
28224,69
28231,69
28237,69
28249,69
28253,69
28262,69
28263,69
28264,69
28342,69
28349,69
28376,69
28377,69
28390,69
28406,69
28415,69
28431,69
28437,69
28437,69
28449,69
28460,69
28528,69
28580,69
28588,69
28622,69
28626,69
28628,69
28644,69
28655,69
28739,69
28758,69
28766,69
28829,69
28860,69
28862,69
28863,69
28878,69
28879,69
28880,69
28906,69
28939,69
28950,69
28950,69
28957,69
28975,69
28983,69
28987,69
28994,69
29000,69
29008,69
29014,69
29025,69
29046,69
29139,69
29141,69
29145,69
29154,69
29183,69
29191,69
29192,69
29193,69
29249,69
29250,69
29250,69
29253,69
29273,69
29277,69
29286,69
29299,69
29306,69
29308,69
29337,69
29337,69
29366,69
29388,69
29394,69
29428,69
29437,69
29502,69
29527,69
29550,69
29557,70
29570,70
29577,70
29588,70
29590,70
29594,70
29598,70
29599,70
29605,70
29610,70
29620,70
29642,70
29648,70
29664,70
29687,70
29742,70
29759,70
29778,70
29800,70
29832,70
29856,70
29867,70
29870,70
29883,70
29884,70
29894,70
29949,70
29959,70
29969,70
30002,70
30004,70
30016,70
30017,70
30018,70
30019,70
30042,70
30044,70
30069,70
30089,70
30114,70
30114,70
30114,70
30118,70
30182,70
30194,70
30198,70
30207,70
30248,70
30260,70
30278,70
30314,70
30322,70
30334,70
30336,70
30336,70
30340,70
30388,70
30395,70
30411,70
30412,70
30421,70
30430,70
30474,70
30475,70
30482,70
30489,70
30490,70
30505,70
30508,70
30521,70
30536,70
30551,70
30560,70
30603,70
30634,70
30641,70
30645,70
30689,70
30695,70
30701,70
30705,70
30723,70
30754,70
30761,70
30763,70
30784,70
30790,70
30796,70
30810,70
30814,70
30818,70
30854,70
30868,70
30891,70
30892,70
30924,70
30931,70
30949,70
30952,70
30954,70
30979,71
30983,71
30999,71
31002,71
31007,71
31017,71
31021,71
31032,71
31062,71
31096,71
31102,71
31116,71
31120,71
31159,71
31185,71
31189,71
31211,71
31222,71
31227,71
31230,71
31275,71
31291,71
31301,71
31325,71
31326,71
31329,71
31354,71
31392,71
31406,71
31423,71
31438,71
31442,71
31457,71
31459,71
31468,71
31487,71
31497,71
31517,71
31521,71
31551,71
31565,71
31571,71
31593,71
31598,71
31602,71
31617,71
31656,71
31688,71
31704,71
31729,71
31749,71
31749,71
31757,71
31770,71
31778,71
31847,71
31863,71
31870,71
31871,71
31891,71
31898,71
31918,71
31943,71
31948,71
31962,71
31967,71
31990,71
32037,71
32040,71
32048,71
32086,71
32091,71
32098,71
32134,71
32141,71
32152,71
32162,71
32221,71
32231,71
32241,71
32247,71
32257,71
32261,71
32268,71
32293,71
32315,71
32346,71
32374,71
32380,71
32390,71
32486,71
32494,71
32505,71
32515,71
32525,71
32535,71
32587,71
32589,71
32594,71
32595,71
32663,72
32712,72
32740,72
32765,72
32775,72
32786,72
32795,72
32877,72
32880,72
32893,72
32934,72
32965,72
32971,72
32979,72
32979,72
32982,72
33021,72
33023,72
33049,72
33143,72
33189,72
33199,72
33204,72
33214,72
33256,72
33319,72
33321,72
33346,72
33346,72
33392,72
33407,72
33451,72
33490,72
33528,72
33537,72
33566,72
33609,72
33651,72
33659,72
33705,72
33744,72
33773,72
33822,72
33823,72
33828,72
33883,72
33913,72
33959,72
33975,72
33984,72
34004,72
34045,72
34082,72
34098,72
34106,72
34127,72
34140,72
34174,72
34188,72
34215,72
34231,72
34279,72
34281,72
34281,72
34299,72
34337,72
34346,72
34373,72
34421,72
34424,72
34425,72
34431,72
34450,72
34464,72
34466,72
34480,72
34540,72
34555,72
34563,72
34584,72
34625,72
34626,72
34646,72
34671,72
34699,72
34743,72
34791,72
34806,72
34815,72
34825,72
34842,72
34863,72
34899,72
34921,72
34961,72
34965,72
34969,72
34981,72
34992,72
35012,72
35023,73
35036,73
35071,73
35071,73
35083,73
35193,73
35221,73
35243,73
35265,73
35282,73
35288,73
35293,73
35316,73
35325,73
35334,73
35351,73
35356,73
35386,73
35412,73
35426,73
35440,73
35447,73
35479,73
35535,73
35538,73
35578,73
35626,73
35646,73
35683,73
35704,73
35715,73
35722,73
35724,73
35747,73
35799,73
35808,73
35816,73
35840,73
35840,73
35856,73
35860,73
35860,73
35881,73
35888,73
35889,73
35924,73
35931,73
35971,73
36053,73
36093,73
36125,73
36136,73
36142,73
36153,73
36171,73
36185,73
36213,73
36214,73
36219,73
36242,73
36258,73
36268,73
36304,73
36323,73
36350,73
36351,73
36380,73
36399,73
36491,73
36522,73
36529,73
36544,73
36576,73
36603,73
36612,73
36623,73
36638,73
36645,73
36654,73
36656,73
36682,73
36715,73
36720,73
36721,73
36745,73
36751,73
36799,73
36808,73
36846,73
36873,73
36894,73
36905,73
36933,73
36991,73
36994,73
37066,73
37071,73
37076,73
37122,73
37137,73
37143,74
37151,74
37157,74
37165,74
37180,74
37188,74
37229,74
37240,74
37275,74
37286,74
37294,74
37301,74
37308,74
37333,74
37418,74
37424,74
37425,74
37472,74
37493,74
37494,74
37530,74
37535,74
37553,74
37559,74
37587,74
37619,74
37630,74
37665,74
37684,74
37701,74
37875,74
37911,74
37913,74
37929,74
37970,74
38016,74
38021,74
38040,74
38105,74
38111,74
38141,74
38148,74
38159,74
38159,74
38173,74
38178,74
38186,74
38205,74
38229,74
38237,74
38252,74
38261,74
38370,74
38372,74
38373,74
38384,74
38452,74
38506,74
38526,74
38528,74
38563,74
38597,74
38614,74
38617,74
38623,74
38627,74
38636,74
38640,74
38717,74
38726,74
38789,74
38790,74
38796,74
38824,74
38862,74
38863,74
38887,74
38892,74
38964,74
38970,74
38972,74
38984,74
39021,74
39046,74
39088,74
39111,74
39128,74
39153,74
39169,74
39187,74
39234,74
39264,74
39272,74
39274,74
39291,74
39322,74
39355,74
39386,74
39386,74
39387,74
39403,75
39423,75
39427,75
39457,75
39473,75
39482,75
39508,75
39579,75
39586,75
39604,75
39608,75
39637,75
39639,75
39646,75
39649,75
39657,75
39704,75
39706,75
39717,75
39734,75
39824,75
39828,75
39839,75
39862,75
39878,75
39936,75
39938,75
39951,75
39953,75
39985,75
40012,75
40094,75
40097,75
40105,75
40125,75
40158,75
40207,75
40211,75
40225,75
40227,75
40240,75
40242,75
40258,75
40350,75
40386,75
40428,75
40435,75
40439,75
40453,75
40472,75
40503,75
40515,75
40558,75
40572,75
40578,75
40649,75
40657,75
40690,75
40693,75
40700,75
40737,75
40745,75
40798,75
40806,75
40832,75
40851,75
40906,75
40976,75
40998,75
41017,75
41040,75
41133,75
41159,75
41164,75
41172,75
41248,75
41309,75
41345,75
41360,75
41405,75
41425,75
41459,75
41542,75
41578,75
41636,75
41668,75
41766,75
41804,75
41834,75
41894,75
41961,75
41968,75
41971,75
41992,75
41997,75
42027,75
42048,75
42121,75
42142,75
42227,75
42231,76
42232,76
42269,76
42320,76
42351,76
42366,76
42376,76
42381,76
42396,76
42464,76
42487,76
42497,76
42579,76
42591,76
42616,76
42628,76
42688,76
42760,76
42762,76
42776,76
42795,76
42822,76
42850,76
42856,76
42863,76
42926,76
43023,76
43023,76
43071,76
43101,76
43105,76
43141,76
43151,76
43195,76
43211,76
43238,76
43325,76
43360,76
43390,76
43407,76
43435,76
43438,76
43439,76
43445,76
43466,76
43528,76
43557,76
43572,76
43623,76
43639,76
43660,76
43730,76
43768,76
43773,76
43790,76
43821,76
43829,76
43840,76
43845,76
43858,76
43858,76
43880,76
43897,76
43905,76
43991,76
44006,76
44013,76
44019,76
44050,76
44054,76
44088,76
44139,76
44147,76
44172,76
44184,76
44220,76
44237,76
44245,76
44253,76
44340,76
44370,76
44398,76
44407,76
44413,76
44426,76
44474,76
44496,76
44498,76
44523,76
44550,76
44597,76
44608,76
44620,76
44657,76
44705,76
44748,76
44749,76
44751,76
44790,76
44804,76
44825,77
44849,77
44871,77
44891,77
44940,77
44941,77
44987,77
45078,77
45104,77
45135,77
45158,77
45263,77
45276,77
45339,77
45366,77
45399,77
45434,77
45444,77
45448,77
45499,77
45557,77
45612,77
45636,77
45649,77
45710,77
45715,77
45856,77
45905,77
45933,77
45933,77
45959,77
45986,77
46014,77
46097,77
46113,77
46135,77
46167,77
46170,77
46172,77
46206,77
46217,77
46241,77
46283,77
46341,77
46347,77
46445,77
46479,77
46487,77
46557,77
46615,77
46695,77
46778,77
46796,77
46821,77
46822,77
46837,77
46843,77
46843,77
46856,77
46891,77
46920,77
46948,77
46980,77
46986,77
47008,77
47017,77
47067,77
47067,77
47114,77
47169,77
47174,77
47174,77
47178,77
47190,77
47198,77
47204,77
47230,77
47269,77
47272,77
47289,77
47292,77
47297,77
47311,77
47328,77
47417,77
47444,77
47449,77
47454,77
47481,77
47507,77
47520,77
47527,77
47565,77
47574,77
47604,77
47634,77
47691,77
47693,77
47733,77
47771,77
47773,78
47796,78
47807,78
47813,78
47938,78
48032,78
48039,78
48072,78
48075,78
48086,78
48144,78
48158,78
48188,78
48235,78
48284,78
48287,78
48292,78
48361,78
48365,78
48405,78
48439,78
48463,78
48568,78
48593,78
48727,78
48730,78
48741,78
48834,78
48876,78
48886,78
48892,78
48924,78
48933,78
49047,78
49059,78
49064,78
49068,78
49084,78
49180,78
49212,78
49227,78
49243,78
49255,78
49315,78
49324,78
49338,78
49339,78
49450,78
49474,78
49506,78
49508,78
49540,78
49601,78
49639,78
49642,78
49785,78
49809,78
49859,78
49862,78
49888,78
49895,78
49953,78
49963,78
50022,78
50083,78
50105,78
50184,78
50289,78
50297,78
50320,78
50363,78
50433,78
50505,78
50576,78
50586,78
50593,78
50648,78
50668,78
50686,78
50758,78
50770,78
50774,78
50776,78
50832,78
50866,78
50915,78
50932,78
50971,78
50998,78
51009,78
51103,78
51114,78
51115,78
51132,78
51132,78
51133,78
51149,78
51150,78
51168,78
51178,78
51228,79
51238,79
51267,79
51283,79
51330,79
51335,79
51337,79
51370,79
51422,79
51431,79
51462,79
51483,79
51523,79
51539,79
51542,79
51561,79
51596,79
51670,79
51674,79
51735,79
51752,79
51800,79
51827,79
51834,79
51837,79
51913,79
52007,79
52007,79
52016,79
52039,79
52072,79
52132,79
52141,79
52157,79
52196,79
52223,79
52231,79
52300,79
52306,79
52327,79
52341,79
52359,79
52360,79
52364,79
52464,79
52477,79
52492,79
52502,79
52513,79
52562,79
52671,79
52675,79
52773,79
52969,79
52991,79
53098,79
53100,79
53107,79
53146,79
53212,79
53231,79
53338,79
53407,79
53410,79
53483,79
53546,79
53616,79
53652,79
53653,79
53681,79
53771,79
53867,79
53932,79
53986,79
54005,79
54017,79
54023,79
54064,79
54142,79
54144,79
54209,79
54253,79
54266,79
54268,79
54345,79
54355,79
54355,79
54425,79
54495,79
54498,79
54501,79
54524,79
54538,79
54579,79
54603,79
54653,79
54672,79
54761,79
54865,79
55002,79
55055,80
55118,80
55144,80
55155,80
55167,80
55201,80
55206,80
55211,80
55295,80
55337,80
55418,80
55422,80
55460,80
55494,80
55525,80
55606,80
55635,80
55645,80
55667,80
55729,80
55807,80
55808,80
55812,80
55818,80
55993,80
56035,80
56077,80
56095,80
56110,80
56138,80
56169,80
56198,80
56277,80
56300,80
56315,80
56319,80
56374,80
56426,80
56460,80
56478,80
56559,80
56651,80
56767,80
56787,80
56825,80
56862,80
56945,80
56946,80
56987,80
57000,80
57028,80
57049,80
57059,80
57076,80
57085,80
57122,80
57129,80
57153,80
57161,80
57228,80
57242,80
57283,80
57308,80
57312,80
57320,80
57330,80
57381,80
57436,80
57438,80
57455,80
57518,80
57550,80
57553,80
57561,80
57617,80
57630,80
57642,80
57644,80
57677,80
57812,80
57857,80
57864,80
57917,80
57946,80
57957,80
57980,80
58116,80
58119,80
58137,80
58142,80
58150,80
58221,80
58289,80
58372,80
58402,80
58418,80
58442,80
58478,80
58488,80
58622,80
58667,81
58704,81
58744,81
58763,81
58783,81
58792,81
58801,81
58897,81
58897,81
58922,81
58929,81
59077,81
59275,81
59312,81
59323,81
59327,81
59339,81
59345,81
59408,81
59454,81
59461,81
59508,81
59544,81
59623,81
59684,81
59687,81
59785,81
59818,81
59855,81
59963,81
59994,81
60075,81
60180,81
60303,81
60342,81
60369,81
60371,81
60404,81
60435,81
60506,81
60549,81
60586,81
60634,81
60661,81
60696,81
60715,81
60716,81
60747,81
60784,81
60815,81
60852,81
60942,81
60983,81
60991,81
61100,81
61177,81
61193,81
61220,81
61351,81
61437,81
61481,81
61575,81
61759,81
61763,81
61770,81
61788,81
61842,81
61926,81
61936,81
62010,81
62022,81
62038,81
62081,81
62084,81
62101,81
62106,81
62151,81
62237,81
62313,81
62331,81
62363,81
62388,81
62491,81
62574,81
62619,81
62626,81
62693,81
62805,81
62832,81
62844,81
62860,81
62879,81
62891,81
62907,81
62974,81
63017,81
63074,81
63098,81
63113,81
63134,81
63148,82
63165,82
63198,82
63208,82
63286,82
63304,82
63334,82
63440,82
63498,82
63661,82
63712,82
63718,82
63718,82
63732,82
63804,82
63826,82
63992,82
64016,82
64040,82
64139,82
64191,82
64221,82
64232,82
64239,82
64333,82
64383,82
64427,82
64535,82
64573,82
64583,82
64618,82
64661,82
64762,82
64774,82
64813,82
64847,82
64962,82
65015,82
65050,82
65110,82
65117,82
65213,82
65276,82
65287,82
65332,82
65359,82
65363,82
65373,82
65383,82
65438,82
65483,82
65495,82
65512,82
65547,82
65581,82
65595,82
65595,82
65659,82
65660,82
65718,82
65725,82
65755,82
65756,82
65768,82
65778,82
65844,82
66026,82
66050,82
66080,82
66110,82
66204,82
66292,82
66294,82
66302,82
66327,82
66397,82
66420,82
66428,82
66494,82
66499,82
66512,82
66517,82
66521,82
66571,82
66613,82
66670,82
66769,82
66883,82
66933,82
67037,82
67157,82
67171,82
67182,82
67302,82
67353,82
67360,82
67472,82
67534,82
67543,82
67565,82
67604,83
67619,83
67664,83
67676,83
67705,83
67785,83
67787,83
67877,83
67912,83
67965,83
67978,83
68081,83
68206,83
68221,83
68293,83
68456,83
68488,83
68546,83
68555,83
68594,83
68629,83
68738,83
68759,83
68760,83
68805,83
68986,83
69026,83
69052,83
69194,83
69293,83
69296,83
69514,83
69734,83
69785,83
69843,83
69856,83
69879,83
69902,83
69931,83
70049,83
70065,83
70099,83
70144,83
70302,83
70351,83
70386,83
70419,83
70439,83
70499,83
70533,83
70548,83
70599,83
70612,83
70687,83
70756,83
70838,83
70895,83
70913,83
70983,83
70984,83
71058,83
71144,83
71223,83
71308,83
71314,83
71358,83
71435,83
71436,83
71464,83
71479,83
71556,83
71634,83
71814,83
71880,83
71944,83
71965,83
71983,83
72048,83
72078,83
72111,83
72120,83
72121,83
72125,83
72198,83
72202,83
72245,83
72332,83
72341,83
72348,83
72351,83
72390,83
72477,83
72531,83
72567,83
72580,83
72600,83
72636,83
72764,83
72973,83
73071,83
73115,84
73131,84
73171,84
73279,84
73284,84
73328,84
73347,84
73373,84
73412,84
73413,84
73511,84
73558,84
73662,84
73882,84
73980,84
74018,84
74191,84
74240,84
74261,84
74275,84
74299,84
74304,84
74456,84
74502,84
74504,84
74509,84
74527,84
74598,84
74624,84
74677,84
74718,84
74785,84
74907,84
74992,84
75018,84
75030,84
75064,84
75071,84
75103,84
75294,84
75294,84
75296,84
75412,84
75469,84
75476,84
75644,84
75676,84
75780,84
75855,84
75863,84
75922,84
76335,84
76365,84
76519,84
76560,84
76597,84
76685,84
76688,84
76704,84
76762,84
76824,84
77138,84
77141,84
77266,84
77334,84
77341,84
77553,84
77554,84
77691,84
77854,84
77960,84
78068,84
78234,84
78239,84
78316,84
78424,84
78533,84
78593,84
78605,84
78639,84
78712,84
78712,84
78790,84
78876,84
78964,84
79119,84
79209,84
79262,84
79286,84
79401,84
79411,84
79471,84
79559,84
79809,84
79835,84
79879,84
79930,84
79956,84
79965,84
79982,84
80064,85
80102,85
80172,85
80208,85
80258,85
80260,85
80398,85
80420,85
80433,85
80721,85
80774,85
80869,85
80869,85
80981,85
81057,85
81060,85
81077,85
81104,85
81140,85
81187,85
81274,85
81296,85
81350,85
81388,85
81461,85
81662,85
81984,85
82215,85
82222,85
82355,85
82452,85
82496,85
82518,85
82547,85
82641,85
82641,85
82737,85
82800,85
82908,85
82942,85
82982,85
83049,85
83098,85
83100,85
83139,85
83401,85
83584,85
83628,85
83666,85
83687,85
83749,85
83796,85
83860,85
84046,85
84114,85
84118,85
84169,85
84226,85
84315,85
84372,85
84442,85
84513,85
84517,85
84575,85
84688,85
84720,85
84839,85
84847,85
84936,85
84969,85
85050,85
85187,85
85220,85
85439,85
85565,85
85573,85
85632,85
85658,85
85749,85
85946,85
85981,85
86118,85
86245,85
86255,85
86271,85
86368,85
86416,85
86459,85
86474,85
86536,85
86630,85
86746,85
86832,85
87084,85
87088,85
87097,85
87179,85
87306,85
87460,85
87676,85
88012,86
88362,86
88379,86
88381,86
88501,86
88560,86
88600,86
88644,86
88681,86
88766,86
88823,86
88842,86
88909,86
88919,86
88989,86
89020,86
89047,86
89282,86
89351,86
89440,86
89684,86
89737,86
89787,86
89800,86
89904,86
90159,86
90277,86
90499,86
90529,86
90655,86
90795,86
90847,86
90904,86
90935,86
91142,86
91294,86
91508,86
91545,86
91575,86
91598,86
91619,86
91642,86
91856,86
91913,86
92001,86
92081,86
92238,86
92319,86
92383,86
92444,86
92555,86
92630,86
92632,86
92866,86
93094,86
93138,86
93227,86
93249,86
93286,86
93433,86
93463,86
93557,86
93591,86
93591,86
93637,86
93657,86
93811,86
93824,86
93879,86
93952,86
94114,86
94301,86
94363,86
94370,86
94372,86
94398,86
94440,86
94580,86
94609,86
94611,86
94796,86
94827,86
95050,86
95067,86
95119,86
95264,86
95337,86
95427,86
95476,86
95527,86
95627,86
95818,86
96066,86
96087,86
96142,86
96215,86
96302,86
96374,86
96622,86
96695,86
96740,87
96759,87
96764,87
97057,87
97212,87
97260,87
97277,87
97359,87
97365,87
97378,87
97403,87
97474,87
97629,87
97711,87
97717,87
97837,87
97862,87
97910,87
97944,87
97958,87
98032,87
98113,87
98141,87
98160,87
98202,87
98210,87
98290,87
98356,87
98359,87
98410,87
98468,87
98480,87
98530,87
98648,87
98683,87
98686,87
98728,87
98737,87
98998,87
99014,87
99085,87
99203,87
99255,87
99262,87
99275,87
99285,87
99385,87
99450,87
99594,87
99805,87
99815,87
99943,87
99961,87
99965,87
100107,87
100181,87
100302,87
100466,87
100502,87
100511,87
100524,87
100638,87
100684,87
100689,87
100788,87
100907,87
100961,87
100972,87
101082,87
101149,87
101366,87
101367,87
101392,87
101546,87
101606,87
101671,87
101683,87
101774,87
101874,87
101876,87
101930,87
101969,87
102096,87
102115,87
102154,87
102189,87
102235,87
102280,87
102519,87
102687,87
102725,87
102803,87
102804,87
102889,87
103117,87
103405,87
103410,87
103475,87
103489,87
103598,87
103666,88
103910,88
104021,88
104094,88
104320,88
104321,88
104616,88
104645,88
104764,88
104842,88
105225,88
105500,88
105642,88
105725,88
105790,88
106063,88
106376,88
106447,88
106904,88
107234,88
107256,88
107294,88
107368,88
107526,88
107695,88
108107,88
108137,88
108291,88
108390,88
108412,88
108439,88
108443,88
108479,88
108494,88
108538,88
108570,88
108751,88
108968,88
108984,88
109110,88
109377,88
109454,88
109548,88
109561,88
109846,88
109917,88
109962,88
110058,88
110088,88
110230,88
110260,88
110406,88
110476,88
110497,88
110522,88
110528,88
110568,88
110639,88
110855,88
111121,88
111174,88
111191,88
111309,88
111558,88
111578,88
111813,88
111846,88
111998,88
112043,88
112085,88
112118,88
112119,88
112227,88
112346,88
112454,88
112504,88
112507,88
112929,88
112949,88
113054,88
113265,88
113405,88
113411,88
113457,88
113461,88
113502,88
113522,88
113560,88
113608,88
113865,88
113870,88
114135,88
114154,88
114181,88
114244,88
114505,88
114650,88
114661,88
114747,88
114754,88
114896,89
114915,89
114917,89
115084,89
115134,89
115239,89
115365,89
115482,89
115524,89
115749,89
115872,89
115891,89
115965,89
115977,89
116033,89
116296,89
116332,89
116483,89
116505,89
116602,89
116711,89
116925,89
117334,89
117599,89
117621,89
117844,89
117844,89
117973,89
118131,89
118180,89
118184,89
118235,89
118551,89
118662,89
118744,89
118847,89
118969,89
119037,89
119829,89
119893,89
119954,89
119989,89
120203,89
120333,89
120427,89
120503,89
120636,89
120891,89
120935,89
121011,89
121253,89
121453,89
121538,89
121554,89
121710,89
121913,89
121946,89
122403,89
122539,89
122690,89
123206,89
123259,89
123351,89
123452,89
123574,89
123698,89
124089,89
124129,89
124401,89
124445,89
124590,89
124713,89
124752,89
124977,89
124993,89
125037,89
125422,89
125454,89
125629,89
125705,89
125759,89
126345,89
126495,89
126524,89
126611,89
126871,89
126949,89
126956,89
127025,89
127050,89
127228,89
127230,89
127581,89
127607,89
127822,89
128257,89
128349,89
128423,89
128472,89
128502,89
128809,90
129126,90
129300,90
129644,90
129721,90
129860,90
129918,90
130073,90
130112,90
130229,90
130264,90
130456,90
131112,90
131466,90
131485,90
131508,90
131528,90
131591,90
131639,90
131650,90
131764,90
131987,90
132188,90
132261,90
132555,90
132625,90
133111,90
133158,90
133483,90
133565,90
133680,90
133830,90
133956,90
134060,90
134147,90
134339,90
134890,90
135006,90
135021,90
135038,90
135132,90
135165,90
135386,90
135447,90
135457,90
135824,90
135983,90
136112,90
136203,90
136241,90
136269,90
136328,90
136435,90
136567,90
136675,90
136733,90
137036,90
137255,90
137400,90
137416,90
137674,90
137837,90
137896,90
138131,90
138537,90
138684,90
138710,90
138832,90
138833,90
138906,90
139618,90
139851,90
140244,90
140383,90
140553,90
140589,90
140603,90
140757,90
141051,90
141095,90
141139,90
141141,90
141156,90
141176,90
141300,90
141495,90
141950,90
142043,90
142432,90
142562,90
142718,90
142845,90
143243,90
143410,90
143454,90
143544,90
143595,90
144047,90
144488,90
144509,90
144633,91
144715,91
144836,91
144937,91
145074,91
145187,91
145567,91
145636,91
145701,91
145806,91
145891,91
146083,91
146274,91
146351,91
146369,91
146380,91
146389,91
146481,91
146588,91
147024,91
147095,91
147186,91
147482,91
147631,91
147813,91
148058,91
148157,91
148184,91
148587,91
148758,91
149187,91
149304,91
149462,91
149474,91
149996,91
150012,91
150334,91
150353,91
150365,91
150680,91
150972,91
151123,91
151222,91
151225,91
151231,91
151250,91
151378,91
151451,91
151499,91
151558,91
151565,91
151885,91
152006,91
152134,91
152429,91
152678,91
152731,91
152881,91
152923,91
153054,91
153207,91
153242,91
153595,91
153596,91
153618,91
153713,91
154206,91
154682,91
155088,91
155097,91
155150,91
155255,91
155315,91
155323,91
156022,91
156198,91
156394,91
156598,91
156688,91
156863,91
156917,91
156987,91
157151,91
157678,91
157787,91
158249,91
158545,91
158594,91
158708,91
158754,91
159078,91
159108,91
159139,91
159613,91
159650,91
159797,91
159967,91
160818,91
162362,91
162381,91
162413,92
162636,92
163005,92
163664,92
164017,92
164044,92
164315,92
164383,92
164530,92
164705,92
164797,92
164857,92
165012,92
165366,92
165960,92
165998,92
166135,92
166365,92
166689,92
166744,92
166978,92
166994,92
167111,92
167402,92
167493,92
167702,92
168062,92
168093,92
168501,92
169269,92
169598,92
170054,92
170281,92
170380,92
170445,92
170605,92
171097,92
171214,92
171362,92
171654,92
171775,92
171802,92
171816,92
172060,92
172291,92
173008,92
173556,92
173598,92
173638,92
173850,92
173864,92
173928,92
174211,92
174427,92
175297,92
175503,92
176059,92
176277,92
176443,92
176563,92
176695,92
177372,92
177543,92
177639,92
177976,92
178060,92
178133,92
178260,92
178485,92
178616,92
178625,92
178941,92
178974,92
179970,92
179973,92
179999,92
180236,92
180382,92
180502,92
180844,92
181201,92
181315,92
182051,92
182079,92
182257,92
182275,92
182406,92
183374,92
183421,92
184106,92
184252,92
184430,92
184730,92
185375,92
185832,92
186137,92
186210,92
186257,92
186313,92
186904,92
187100,93
187156,93
187746,93
188038,93
189243,93
189426,93
189678,93
189813,93
190077,93
190306,93
190342,93
190443,93
190684,93
191095,93
191138,93
191209,93
191331,93
191781,93
192036,93
192075,93
192191,93
192254,93
192428,93
192822,93
192827,93
192884,93
193044,93
193230,93
193697,93
193883,93
193936,93
194104,93
195140,93
195740,93
195749,93
195772,93
196547,93
196668,93
197749,93
197912,93
198436,93
198638,93
199055,93
199081,93
199323,93
199679,93
199996,93
200596,93
200698,93
201041,93
201625,93
201746,93
202059,93
202303,93
202645,93
203422,93
203602,93
203762,93
203767,93
204089,93
204603,93
204787,93
205270,93
205439,93
205865,93
206152,93
206392,93
207518,93
207957,93
207978,93
208092,93
208105,93
208513,93
208708,93
209776,93
209825,93
210269,93
210759,93
210788,93
211560,93
212145,93
212368,93
212981,93
213819,93
213878,93
213962,93
214342,93
214546,93
215035,93
215877,93
215959,93
216082,93
217717,93
217728,93
217885,93
218123,93
218339,93
218369,93
218416,93
218677,93
218813,94
218840,94
219173,94
219692,94
220007,94
220035,94
220379,94
220390,94
220417,94
220713,94
220812,94
220980,94
221095,94
221308,94
221626,94
221656,94
221674,94
221697,94
222394,94
223390,94
223469,94
224304,94
224919,94
225305,94
226509,94
227825,94
228719,94
228817,94
229503,94
230475,94
231355,94
232026,94
232170,94
232507,94
232614,94
232907,94
233728,94
233772,94
233964,94
234111,94
234582,94
235333,94
235377,94
236041,94
236317,94
236416,94
236612,94
237209,94
238211,94
238243,94
238343,94
238371,94
238462,94
238614,94
239108,94
239433,94
239642,94
240742,94
241598,94
241796,94
242050,94
242349,94
243008,94
243051,94
244897,94
245868,94
246214,94
246504,94
246640,94
247607,94
248205,94
248721,94
249810,94
250602,94
250821,94
250995,94
250998,94
253535,94
253856,94
254691,94
255103,94
255667,94
255936,94
255937,94
256685,94
257243,94
257651,94
258456,94
258556,94
258649,94
258765,94
259168,94
259208,94
260106,94
260119,94
260261,94
260757,94
261559,94
261791,94
262708,94
262757,95
262819,95
262858,95
263562,95
264020,95
264049,95
264692,95
265187,95
266855,95
267041,95
267112,95
268052,95
268443,95
270657,95
271618,95
272198,95
272851,95
273042,95
273155,95
273877,95
274430,95
274762,95
275785,95
276000,95
276307,95
276600,95
276803,95
278722,95
279504,95
280753,95
282044,95
282276,95
283261,95
284176,95
284261,95
284586,95
284694,95
284976,95
286078,95
286114,95
286338,95
286791,95
286809,95
287031,95
287096,95
289444,95
289507,95
289802,95
290198,95
291739,95
291935,95
293212,95
293368,95
293911,95
294463,95
295242,95
295330,95
295602,95
296782,95
297081,95
297452,95
297499,95
299048,95
299804,95
302798,95
303471,95
303610,95
303800,95
303841,95
305324,95
305356,95
305814,95
305983,95
306270,95
306283,95
306904,95
306976,95
307016,95
307357,95
307809,95
308301,95
309703,95
309711,95
309724,95
310118,95
311726,95
312002,95
312558,95
312827,95
312995,95
314139,95
314434,95
315405,95
316308,95
318345,95
318791,95
319993,95
322315,95
322637,95
323216,95
323520,96
325955,96
325964,96
326478,96
327082,96
327317,96
327469,96
328495,96
330358,96
330965,96
331123,96
331783,96
331861,96
332218,96
332868,96
333776,96
335150,96
336821,96
338795,96
341751,96
342378,96
342543,96
342831,96
343322,96
343639,96
344697,96
345026,96
345286,96
345638,96
348104,96
349121,96
349434,96
351244,96
351587,96
351622,96
352520,96
353449,96
353865,96
354350,96
354547,96
356338,96
361513,96
361574,96
362991,96
363725,96
364300,96
365339,96
365978,96
366470,96
366807,96
366845,96
367038,96
369914,96
373086,96
373736,96
373999,96
376359,96
378945,96
378960,96
381627,96
382316,96
383727,96
384524,96
386073,96
386490,96
387027,96
387502,96
387662,96
388022,96
388091,96
388323,96
388490,96
389331,96
389784,96
389986,96
391426,96
391959,96
392191,96
392266,96
392380,96
393172,96
394814,96
394864,96
395395,96
396450,96
397637,96
397709,96
398248,96
398800,96
399362,96
400222,96
400698,96
400810,96
404162,96
404246,96
404742,96
405724,96
406415,96
406997,96
407885,96
408315,97
408640,97
409841,97
410414,97
413415,97
414024,97
415478,97
416075,97
417700,97
418034,97
419557,97
419833,97
420490,97
424623,97
425216,97
426898,97
429230,97
430261,97
432148,97
432808,97
434846,97
435295,97
438074,97
440973,97
441775,97
444852,97
447517,97
448325,97
449049,97
452804,97
456994,97
457418,97
460505,97
463287,97
464694,97
466407,97
466774,97
468308,97
468746,97
468838,97
468914,97
469641,97
471511,97
474242,97
474247,97
474561,97
477669,97
479489,97
480643,97
483779,97
483807,97
485930,97
486167,97
486182,97
487900,97
488395,97
491896,97
494478,97
496007,97
499743,97
500397,97
500687,97
500877,97
505686,97
508604,97
509290,97
509354,97
509724,97
509956,97
510560,97
511911,97
513430,97
514442,97
516133,97
519921,97
520563,97
524754,97
525775,97
526227,97
526422,97
526459,97
534655,97
534985,97
535666,97
536805,97
537295,97
543441,97
543624,97
544269,97
546419,97
546836,97
547008,97
549560,97
552728,97
557252,97
558691,97
559846,97
564622,97
566370,97
566917,97
571328,98
571813,98
573078,98
573081,98
574373,98
576375,98
576887,98
577849,98
578232,98
579558,98
581972,98
586142,98
586309,98
586310,98
588318,98
589566,98
589673,98
593485,98
595120,98
595354,98
599332,98
599529,98
606812,98
607163,98
610546,98
611819,98
612367,98
616602,98
618804,98
619865,98
620287,98
622172,98
623047,98
630504,98
642127,98
644510,98
645998,98
646882,98
650005,98
651195,98
653923,98
655517,98
656632,98
660137,98
663220,98
664405,98
664866,98
667676,98
667804,98
668240,98
670635,98
671486,98
671587,98
679064,98
688888,98
691199,98
693765,98
695448,98
698341,98
701059,98
702085,98
702319,98
712411,98
718659,98
722476,98
723350,98
730601,98
731446,98
732561,98
735085,98
735102,98
735983,98
736817,98
740127,98
749624,98
754312,98
754319,98
761280,98
768477,98
768899,98
770359,98
778450,98
788779,98
801456,98
807239,98
807800,98
817126,98
823490,98
844661,98
846566,98
848339,98
848881,98
867054,98
874569,98
874669,98
878069,98
879342,98
885147,98
887960,98
891129,98
892940,99
896616,99
903255,99
911332,99
911828,99
932670,99
937115,99
948089,99
950623,99
954238,99
959060,99
959315,99
966692,99
966808,99
974462,99
974941,99
985229,99
996178,99
1001879,99
1002403,99
1011659,99
1022999,99
1045766,99
1055781,99
1071277,99
1079380,99
1083339,99
1084863,99
1090688,99
1095628,99
1112007,99
1125103,99
1161086,99
1162994,99
1176564,99
1186008,99
1188895,99
1209774,99
1217867,99
1226125,99
1229509,99
1274565,99
1287147,99
1289385,99
1292768,99
1298823,99
1319770,99
1321614,99
1336482,99
1340654,99
1348285,99
1351554,99
1370237,99
1373698,99
1383920,99
1420834,99
1444445,99
1451403,99
1476776,99
1548124,99
1605654,99
1614075,99
1643820,99
1693757,99
1718276,99
1744344,99
1747738,99
1768985,99
1806212,99
1811176,99
1916497,99
2088382,99
2202563,99
2258320,99
2322300,99
2497377,99
2552713,99
2596566,99
2694973,99
2762625,99
2784879,99
2830414,99
2973780,99
2982301,99
3303490,99
3558348,99
3595569,99
3736604,99
3859975,99
3953770,99
4150339,99
4157329,99
4468615,99
4722303,99
5458216,99
5551091,99
5671175,99
6220163,99
6515231,99
8921894,99
